invoice_number,invoice_date,po_number,supplier_id,supplier_name,material_code,line_item_description,quantity_invoiced,unit,unit_price_idr,line_total_idr,subtotal_idr,tax_percent,tax_amount_idr,total_invoice_idr,payment_terms,due_date,payment_status,payment_date,payment_method,payment_reference,discrepancy_flag,discrepancy_type,discrepancy_notes,validated_by,validation_date
INV-2024-100,2023-07-10,PO-2024-001,SUP-003,PT Dexa Medica,RAW-009,Salbutamol Sulfate,10000,KG,962608,9626080000,9626080000,11,1058868800,10684948800,Net 45,2023-08-24,Paid,2023-08-20,Bank Transfer,TRF-2024-534,No,None,Matches PO exactly,Citra Finance,2023-07-11
INV-2024-101,2023-07-09,PO-2024-002,SUP-009,PT Prima Pack Indonesia,PKG-002,Aluminum Foil Strip (Cold Form),25000,Roll,131248,3281200000,3281200000,11,360932000,3642132000,Net 45,2023-08-23,Paid,2023-08-18,Bank Transfer,TRF-2024-246,No,None,Matches PO exactly,Budi Finance,2023-07-10
INV-2024-102,2023-07-13,PO-2024-003,SUP-001,PT Kimia Farma Trading & Distribution,RAW-001,Amoxicillin Trihydrate,8000,KG,154295,1234360000,1234360000,11,135779600,1370139600,Net 60,2023-09-11,Paid,2023-09-10,Bank Transfer,TRF-2024-211,No,None,Matches PO exactly,Citra Finance,2023-07-14
INV-2024-103,2023-07-11,PO-2024-004,SUP-002,PT Indofarma Global Medika,RAW-002,Paracetamol,8000,KG,86112,688896000,688896000,11,75778560,764674560,Net 60,2023-09-09,Paid,2023-09-07,Bank Transfer,TRF-2024-841,No,None,Matches PO exactly,Budi Finance,2023-07-12
INV-2024-104,2023-07-27,PO-2024-005,SUP-005,PT Phapros,RAW-004,Ibuprofen,8000,KG,212988,1703904000,1703904000,11,187429440,1891333440,Net 30,2023-08-26,Paid,2023-08-21,Bank Transfer,TRF-2024-944,No,None,Perfect match with PO,Citra Finance,2023-07-28
INV-2024-105,2023-07-13,PO-2024-006,SUP-009,PT Prima Pack Indonesia,PKG-008,Leaflet (Patient Information),20000,Unit,115,2300000,2300000,11,253000,2553000,Net 45,2023-08-27,Paid,2023-08-26,Bank Transfer,TRF-2024-724,No,None,Matched with PO,Ani Finance,2023-07-14
INV-2024-106,2023-07-11,PO-2024-007,SUP-003,PT Dexa Medica,RAW-010,Dexamethasone,2000,KG,365864,731728000,731728000,11,80490080,812218080,Net 45,2023-08-25,Paid,2023-08-23,Bank Transfer,TRF-2024-500,No,None,Matched with PO,Citra Finance,2023-07-12
INV-2024-107,2023-07-18,PO-2024-008,SUP-001,PT Kimia Farma Trading & Distribution,RAW-009,Salbutamol Sulfate,8000,KG,906891,7255128000,7255128000,11,798064080,8053192080,Net 60,2023-09-16,Paid,2023-09-11,Bank Transfer,TRF-2024-419,No,None,Matched with PO,Citra Finance,2023-07-19
INV-2024-108,2023-07-18,PO-2024-009,SUP-008,PT Global Pack Industries,PKG-008,Leaflet (Patient Information),9556,Unit,106,1012936,1012936,11,111422,1124358,Net 45,2023-09-01,Pending,,,,Yes,Quantity Variance,Invoiced 9556 Unit but PO was 10000 Unit (-444 Unit short delivery),,
INV-2024-109,2023-07-15,PO-2024-010,SUP-006,PT Indo Packaging Solutions,PKG-006,Aluminum Screw Cap 28mm,15000,Unit,866,12990000,12990000,11,1428900,14418900,Net 30,2023-08-14,Paid,2023-08-10,Bank Transfer,TRF-2024-751,No,None,Perfect match with PO,Citra Finance,2023-07-16
INV-2024-110,2023-07-19,PO-2024-011,SUP-008,PT Global Pack Industries,PKG-005,Corrugated Carton Box (Master),30000,Unit,3476,104280000,104280000,11,11470800,115750800,Net 45,2023-09-02,Paid,2023-09-01,Bank Transfer,TRF-2024-525,No,None,Matches PO exactly,Ani Finance,2023-07-20
INV-2024-111,2023-07-12,PO-2024-012,SUP-011,PT Chemical Works Indonesia,EXC-001,Lactose Monohydrate,1000,KG,20964,20964000,20964000,11,2306040,23270040,Net 45,2023-08-26,Paid,2023-08-25,Bank Transfer,TRF-2024-780,No,None,Matches PO exactly,Budi Finance,2023-07-13
INV-2024-112,2023-07-25,PO-2024-013,SUP-005,PT Phapros,RAW-009,Salbutamol Sulfate,8000,KG,929865,7438920000,7438920000,11,818281200,8257201200,Net 30,2023-08-24,Paid,2023-08-21,Bank Transfer,TRF-2024-905,No,None,Matched with PO,Ani Finance,2023-07-26
INV-2024-113,2023-07-31,PO-2024-014,SUP-004,PT Kalbe Farma,RAW-004,Ibuprofen,10000,KG,211186,2111860000,2111860000,11,232304600,2344164600,Net 30,2023-08-30,Paid,2023-08-29,Bank Transfer,TRF-2024-505,No,None,Matches PO exactly,Ani Finance,2023-08-01
INV-2024-114,2023-07-17,PO-2024-015,SUP-001,PT Kimia Farma Trading & Distribution,RAW-005,Cetirizine HCl,10000,KG,3070770,30707700000,30707700000,11,3377847000,34085547000,Net 60,2023-09-15,Paid,2023-09-13,Bank Transfer,TRF-2024-153,No,None,Matched with PO,Budi Finance,2023-07-18
INV-2024-115,2023-07-14,PO-2024-016,SUP-006,PT Indo Packaging Solutions,PKG-006,Aluminum Screw Cap 28mm,20000,Unit,944,18880000,18880000,11,2076800,20956800,Net 30,2023-08-13,Paid,2023-08-12,Bank Transfer,TRF-2024-964,No,None,Matches PO exactly,Budi Finance,2023-07-15
INV-2024-116,2023-07-18,PO-2024-017,SUP-009,PT Prima Pack Indonesia,PKG-005,Corrugated Carton Box (Master),15000,Unit,3582,53730000,53730000,11,5910300,59640300,Net 45,2023-09-01,Paid,2023-08-31,Bank Transfer,TRF-2024-841,No,None,Matched with PO,Ani Finance,2023-07-19
INV-2024-117,2023-07-18,PO-2024-018,SUP-010,PT Pharma Excipient Supply,EXC-001,Microcrystalline Cellulose (Avicel PH102),5000,KG,25653,128265000,128265000,11,14109150,142374150,Net 60,2023-09-16,Paid,2023-09-14,Bank Transfer,TRF-2024-208,No,None,Matches PO exactly,Budi Finance,2023-07-19
INV-2024-118,2023-07-15,PO-2024-019,SUP-012,PT Brataco,EXC-001,Lactose Monohydrate,5000,KG,21361,106805000,106805000,11,11748550,118553550,Net 45,2023-08-29,Paid,2023-08-25,Bank Transfer,TRF-2024-557,No,None,Matches PO exactly,Budi Finance,2023-07-16
INV-2024-119,2023-07-18,PO-2024-020,SUP-009,PT Prima Pack Indonesia,PKG-005,Corrugated Carton Box (Master),20000,Unit,3661,73220000,73220000,11,8054200,81274200,Net 45,2023-09-01,Pending,,,,Yes,Price Variance,"Unit price higher than PO: Rp 3,661 vs Rp 3,580 (+2.26%)",,
INV-2024-120,2023-07-17,PO-2024-021,SUP-011,PT Chemical Works Indonesia,EXC-001,Microcrystalline Cellulose (Avicel PH102),1000,KG,24307,24307000,24307000,11,2673770,26980770,Net 45,2023-08-31,Paid,2023-08-29,Bank Transfer,TRF-2024-265,No,None,Matches PO exactly,Ani Finance,2023-07-18
INV-2024-121,2023-07-19,PO-2024-022,SUP-009,PT Prima Pack Indonesia,PKG-007,Desiccant Silica Gel 1g,10000,Unit,200,2000000,2000000,11,220000,2220000,Net 45,2023-09-02,Paid,2023-08-29,Bank Transfer,TRF-2024-077,No,None,Matched with PO,Ani Finance,2023-07-20
INV-2024-122,2023-07-21,PO-2024-023,SUP-010,PT Pharma Excipient Supply,EXC-001,Colloidal Silicon Dioxide,5000,KG,207926,1039630000,1039630000,11,114359300,1153989300,Net 60,2023-09-19,Pending,,,,Yes,Tax Calculation Error,Tax calculation differs from PO,,
INV-2024-123,2023-07-22,PO-2024-024,SUP-011,PT Chemical Works Indonesia,EXC-001,Lactose Monohydrate,5000,KG,20284,101420000,101420000,11,11156200,112576200,Net 45,2023-09-05,Paid,2023-08-31,Bank Transfer,TRF-2024-999,No,None,Perfect match with PO,Budi Finance,2023-07-23
INV-2024-124,2023-07-24,PO-2024-025,SUP-008,PT Global Pack Industries,PKG-008,Leaflet (Patient Information),15000,Unit,110,1650000,1650000,11,181500,1831500,Net 45,2023-09-07,Paid,2023-09-04,Bank Transfer,TRF-2024-335,No,None,Perfect match with PO,Budi Finance,2023-07-25
INV-2024-125,2023-07-19,PO-2024-027,SUP-003,PT Dexa Medica,RAW-004,Ibuprofen,3000,KG,207326,621978000,621978000,11,68417580,690395580,Net 45,2023-09-02,Paid,2023-08-28,Bank Transfer,TRF-2024-733,No,None,Perfect match with PO,Budi Finance,2023-07-20
INV-2024-126,2023-07-23,PO-2024-028,SUP-011,PT Chemical Works Indonesia,EXC-001,Colloidal Silicon Dioxide,1946,KG,203859,396709614,396709614,11,43638057,440347671,Net 45,2023-09-06,Pending,,,,Yes,Quantity Variance,Invoiced 1946 KG but PO was 2000 KG (-54 KG short delivery),,
INV-2024-127,2023-08-06,PO-2024-029,SUP-005,PT Phapros,RAW-003,Ascorbic Acid (Vitamin C),2000,KG,46612,93224000,93224000,11,10254640,103478640,Net 30,2023-09-05,Paid,2023-09-01,Bank Transfer,TRF-2024-707,No,None,Matched with PO,Budi Finance,2023-08-07
INV-2024-128,2023-07-25,PO-2024-030,SUP-003,PT Dexa Medica,RAW-001,Amoxicillin Trihydrate,10000,KG,155860,1558600000,1558600000,11,171446000,1730046000,Net 45,2023-09-08,Paid,2023-09-06,Bank Transfer,TRF-2024-739,No,None,Perfect match with PO,Budi Finance,2023-07-26
INV-2024-129,2023-07-25,PO-2024-031,SUP-011,PT Chemical Works Indonesia,EXC-001,Povidone K30,3000,KG,64075,192225000,192225000,11,21144750,213369750,Net 45,2023-09-08,Paid,2023-09-07,Bank Transfer,TRF-2024-598,No,None,Matched with PO,Budi Finance,2023-07-26
INV-2024-130,2023-07-26,PO-2024-032,SUP-008,PT Global Pack Industries,PKG-003,HDPE Bottle 100ml,10000,Unit,3005,30050000,30050000,11,3305500,33355500,Net 45,2023-09-09,Paid,2023-09-08,Bank Transfer,TRF-2024-683,No,None,Perfect match with PO,Citra Finance,2023-07-27
INV-2024-131,2023-07-27,PO-2024-033,SUP-006,PT Indo Packaging Solutions,PKG-003,HDPE Bottle 100ml,1,Unit,3039,3039,3039,11,334,3373,Net 30,2023-08-26,Pending,,,,Yes,Unmatched Item,Additional charge not in original PO - needs approval,,
INV-2024-132,2023-08-06,PO-2024-034,SUP-004,PT Kalbe Farma,RAW-008,Ciprofloxacin,8000,KG,446294,3570352000,3570352000,11,392738720,3963090720,Net 30,2023-09-05,Paid,2023-08-31,Bank Transfer,TRF-2024-392,No,None,Matched with PO,Citra Finance,2023-08-07
INV-2024-133,2023-07-27,PO-2024-035,SUP-008,PT Global Pack Industries,PKG-004,Glass Vial 10ml,25000,Unit,4969,124225000,124225000,11,13664750,137889750,Net 45,2023-09-10,Paid,2023-09-09,Bank Transfer,TRF-2024-609,No,None,Matched with PO,Ani Finance,2023-07-28
INV-2024-134,2023-07-24,PO-2024-036,SUP-006,PT Indo Packaging Solutions,PKG-004,Glass Vial 10ml,10000,Unit,4896,48960000,48960000,11,5385600,54345600,Net 30,2023-08-23,Paid,2023-08-18,Bank Transfer,TRF-2024-167,No,None,Perfect match with PO,Budi Finance,2023-07-25
INV-2024-135,2023-08-11,PO-2024-037,SUP-005,PT Phapros,RAW-007,Omeprazole,8000,KG,2019485,16155880000,16155880000,11,1777146800,17933026800,Net 30,2023-09-10,Paid,2023-09-09,Bank Transfer,TRF-2024-799,No,None,Perfect match with PO,Budi Finance,2023-08-12
INV-2024-136,2023-07-26,PO-2024-038,SUP-010,PT Pharma Excipient Supply,EXC-001,Croscarmellose Sodium,1000,KG,129797,129797000,129797000,11,14277670,144074670,Net 60,2023-09-24,Paid,2023-09-19,Bank Transfer,TRF-2024-750,No,None,Perfect match with PO,Citra Finance,2023-07-27
INV-2024-137,2023-07-26,PO-2024-039,SUP-002,PT Indofarma Global Medika,RAW-010,Dexamethasone,10000,KG,340729,3407290000,3407290000,11,374801900,3782091900,Net 60,2023-09-24,Paid,2023-09-22,Bank Transfer,TRF-2024-872,No,None,Matches PO exactly,Ani Finance,2023-07-27
INV-2024-138,2023-07-30,PO-2024-040,SUP-010,PT Pharma Excipient Supply,EXC-001,Talcum Powder,3000,KG,14751,44253000,44253000,11,4867830,49120830,Net 60,2023-09-28,Paid,2023-09-26,Bank Transfer,TRF-2024-877,No,None,Matches PO exactly,Citra Finance,2023-07-31
INV-2024-139,2023-07-25,PO-2024-041,SUP-012,PT Brataco,EXC-001,Colloidal Silicon Dioxide,2000,KG,194523,389046000,389046000,11,42795060,431841060,Net 45,2023-09-08,Paid,2023-09-03,Bank Transfer,TRF-2024-500,No,None,Matched with PO,Ani Finance,2023-07-26
INV-2024-140,2023-07-31,PO-2024-042,SUP-001,PT Kimia Farma Trading & Distribution,RAW-007,Omeprazole,10000,KG,1962886,19628860000,19628860000,11,2159174600,21788034600,Net 60,2023-09-29,Paid,2023-09-28,Bank Transfer,TRF-2024-342,No,None,Matches PO exactly,Ani Finance,2023-08-01
INV-2024-141,2023-08-11,PO-2024-043,SUP-004,PT Kalbe Farma,RAW-007,Omeprazole,10000,KG,1999212,19992120000,19992120000,11,2199133200,22191253200,Net 30,2023-09-10,Paid,2023-09-05,Bank Transfer,TRF-2024-321,No,None,Matches PO exactly,Budi Finance,2023-08-12
INV-2024-142,2023-07-30,PO-2024-044,SUP-011,PT Chemical Works Indonesia,EXC-001,Talcum Powder,2000,KG,15467,30934000,30934000,11,3402740,34336740,Net 45,2023-09-13,Paid,2023-09-08,Bank Transfer,TRF-2024-567,No,None,Matched with PO,Ani Finance,2023-07-31
INV-2024-143,2023-07-27,PO-2024-045,SUP-011,PT Chemical Works Indonesia,EXC-001,Talcum Powder,2000,KG,14299,28598000,28598000,11,3145780,31743780,Net 45,2023-09-10,Paid,2023-09-08,Bank Transfer,TRF-2024-931,No,None,Matches PO exactly,Ani Finance,2023-07-28
INV-2024-144,2023-07-29,PO-2024-046,SUP-006,PT Indo Packaging Solutions,PKG-001,PVC/PVDC Blister Pack 10x10,20000,Unit,510,10200000,10200000,11,1122000,11322000,Net 30,2023-08-28,Paid,2023-08-24,Bank Transfer,TRF-2024-430,No,None,Matched with PO,Citra Finance,2023-07-30
INV-2024-145,2023-08-12,PO-2024-047,SUP-004,PT Kalbe Farma,RAW-005,Cetirizine HCl,2000,KG,3072616,6145232000,6145232000,11,675975520,6821207520,Net 30,2023-09-11,Paid,2023-09-10,Bank Transfer,TRF-2024-256,No,None,Matched with PO,Ani Finance,2023-08-13
INV-2024-146,2023-07-30,PO-2024-048,SUP-002,PT Indofarma Global Medika,RAW-009,Salbutamol Sulfate,2000,KG,891195,1782390000,1782390000,11,196062900,1978452900,Net 60,2023-09-28,Paid,2023-09-25,Bank Transfer,TRF-2024-571,No,None,Matches PO exactly,Ani Finance,2023-07-31
INV-2024-147,2023-07-31,PO-2024-049,SUP-006,PT Indo Packaging Solutions,PKG-005,Corrugated Carton Box (Master),20000,Unit,3539,70780000,70780000,11,7785800,78565800,Net 30,2023-08-30,Paid,2023-08-29,Bank Transfer,TRF-2024-973,No,None,Matches PO exactly,Ani Finance,2023-08-01
INV-2024-148,2023-07-29,PO-2024-050,SUP-012,PT Brataco,EXC-001,Magnesium Stearate,2000,KG,34537,69074000,69074000,11,7598140,76672140,Net 45,2023-09-12,Paid,2023-09-09,Bank Transfer,TRF-2024-931,No,None,Matches PO exactly,Budi Finance,2023-07-30
INV-2024-149,2023-07-31,PO-2024-051,SUP-011,PT Chemical Works Indonesia,EXC-001,Croscarmellose Sodium,1000,KG,131860,131860000,131860000,11,14504600,146364600,Net 45,2023-09-14,Paid,2023-09-11,Bank Transfer,TRF-2024-470,No,None,Matched with PO,Citra Finance,2023-08-01
INV-2024-150,2023-08-01,PO-2024-052,SUP-010,PT Pharma Excipient Supply,EXC-001,Magnesium Stearate,3000,KG,34094,102282000,102282000,11,11251020,113533020,Net 60,2023-09-30,Paid,2023-09-28,Bank Transfer,TRF-2024-361,No,None,Matched with PO,Budi Finance,2023-08-02
INV-2024-151,2023-08-01,PO-2024-053,SUP-010,PT Pharma Excipient Supply,EXC-001,Starch (Pregelatinized),5000,KG,18395,91975000,91975000,11,10117250,102092250,Net 60,2023-09-30,Paid,2023-09-29,Bank Transfer,TRF-2024-591,No,None,Perfect match with PO,Ani Finance,2023-08-02
INV-2024-152,2023-07-30,PO-2024-054,SUP-011,PT Chemical Works Indonesia,EXC-001,Talcum Powder,1000,KG,15250,15250000,15250000,11,1677500,16927500,Net 45,2023-09-13,Paid,2023-09-09,Bank Transfer,TRF-2024-554,No,None,Matched with PO,Citra Finance,2023-07-31
INV-2024-153,2023-08-01,PO-2024-055,SUP-002,PT Indofarma Global Medika,RAW-004,Ibuprofen,8000,KG,196409,1571272000,1571272000,11,172839920,1744111920,Net 60,2023-09-30,Paid,2023-09-29,Bank Transfer,TRF-2024-573,No,None,Perfect match with PO,Citra Finance,2023-08-02
INV-2024-154,2023-08-02,PO-2024-056,SUP-011,PT Chemical Works Indonesia,EXC-001,Povidone K30,5000,KG,60406,302030000,302030000,11,33223300,335253300,Net 45,2023-09-16,Paid,2023-09-14,Bank Transfer,TRF-2024-484,No,None,Perfect match with PO,Citra Finance,2023-08-03
INV-2024-155,2023-07-31,PO-2024-057,SUP-012,PT Brataco,EXC-001,Lactose Monohydrate,3000,KG,21247,63741000,63741000,11,7011510,70752510,Net 45,2023-09-14,Paid,2023-09-10,Bank Transfer,TRF-2024-561,No,None,Perfect match with PO,Ani Finance,2023-08-01
INV-2024-156,2023-08-02,PO-2024-058,SUP-010,PT Pharma Excipient Supply,EXC-001,Microcrystalline Cellulose (Avicel PH102),3000,KG,26216,78648000,78648000,11,8651280,87299280,Net 60,2023-10-01,Paid,2023-09-27,Bank Transfer,TRF-2024-791,No,None,Matched with PO,Ani Finance,2023-08-03
INV-2024-157,2023-08-06,PO-2024-059,SUP-008,PT Global Pack Industries,PKG-001,PVC/PVDC Blister Pack 10x10,25000,Unit,499,12475000,12475000,11,1372250,13847250,Net 45,2023-09-20,Paid,2023-09-18,Bank Transfer,TRF-2024-314,No,None,Perfect match with PO,Citra Finance,2023-08-07
INV-2024-158,2023-08-06,PO-2024-060,SUP-008,PT Global Pack Industries,PKG-003,HDPE Bottle 100ml,30000,Unit,2956,88680000,88680000,11,9754800,98434800,Net 45,2023-09-20,Paid,2023-09-15,Bank Transfer,TRF-2024-425,No,None,Matched with PO,Budi Finance,2023-08-07
INV-2024-159,2023-07-31,PO-2024-061,SUP-012,PT Brataco,EXC-001,Povidone K30,1000,KG,65700,65700000,65700000,11,7227000,72927000,Net 45,2023-09-14,Paid,2023-09-10,Bank Transfer,TRF-2024-685,No,None,Matches PO exactly,Citra Finance,2023-08-01
INV-2024-160,2023-08-15,PO-2024-062,SUP-007,PT Multi Packaging Indonesia,PKG-008,Leaflet (Patient Information),15000,Unit,105,1575000,1575000,11,173250,1748250,Net 45,2023-09-29,Paid,2023-09-25,Bank Transfer,TRF-2024-917,No,None,Matches PO exactly,Ani Finance,2023-08-16
INV-2024-161,2023-08-20,PO-2024-063,SUP-005,PT Phapros,RAW-008,Ciprofloxacin,2000,KG,444239,888478000,888478000,11,97732580,986210580,Net 30,2023-09-19,Paid,2023-09-17,Bank Transfer,TRF-2024-612,No,None,Matches PO exactly,Budi Finance,2023-08-21
INV-2024-162,2023-08-01,PO-2024-064,SUP-006,PT Indo Packaging Solutions,PKG-005,Corrugated Carton Box (Master),30000,Unit,3610,108300000,108300000,11,11913000,120213000,Net 30,2023-08-31,Paid,2023-08-30,Bank Transfer,TRF-2024-080,No,None,Matched with PO,Ani Finance,2023-08-02
INV-2024-163,2023-08-01,PO-2024-065,SUP-011,PT Chemical Works Indonesia,EXC-001,Povidone K30,3000,KG,61169,183507000,183507000,11,20185770,203692770,Net 45,2023-09-15,Paid,2023-09-14,Bank Transfer,TRF-2024-681,No,None,Matches PO exactly,Citra Finance,2023-08-02
INV-2024-164,2023-08-08,PO-2024-066,SUP-001,PT Kimia Farma Trading & Distribution,RAW-010,Dexamethasone,8000,KG,352756,2822048000,2822048000,11,310425280,3132473280,Net 60,2023-10-07,Paid,2023-10-05,Bank Transfer,TRF-2024-551,No,None,Matched with PO,Ani Finance,2023-08-09
INV-2024-165,2023-08-07,PO-2024-067,SUP-008,PT Global Pack Industries,PKG-002,Aluminum Foil Strip (Cold Form),30000,Roll,124247,3727410000,3727410000,11,410015100,4137425100,Net 45,2023-09-21,Paid,2023-09-16,Bank Transfer,TRF-2024-133,No,None,Matched with PO,Budi Finance,2023-08-08
INV-2024-166,2023-08-07,PO-2024-068,SUP-006,PT Indo Packaging Solutions,PKG-006,Aluminum Screw Cap 28mm,10000,Unit,861,8610000,8610000,11,947100,9557100,Net 30,2023-09-06,Paid,2023-09-02,Bank Transfer,TRF-2024-907,No,None,Matches PO exactly,Citra Finance,2023-08-08
INV-2024-167,2023-08-06,PO-2024-069,SUP-008,PT Global Pack Industries,PKG-008,Leaflet (Patient Information),15000,Unit,112,1680000,1680000,11,184800,1864800,Net 45,2023-09-20,Paid,2023-09-17,Bank Transfer,TRF-2024-207,No,None,Matched with PO,Budi Finance,2023-08-07
INV-2024-168,2023-08-20,PO-2024-070,SUP-005,PT Phapros,RAW-005,Cetirizine HCl,8000,KG,2959710,23677680000,23677680000,11,2604544800,26282224800,Net 30,2023-09-19,Paid,2023-09-16,Bank Transfer,TRF-2024-654,No,None,Perfect match with PO,Ani Finance,2023-08-21
INV-2024-169,2023-08-04,PO-2024-071,SUP-011,PT Chemical Works Indonesia,EXC-001,Lactose Monohydrate,5000,KG,20293,101465000,101465000,11,11161150,112626150,Net 45,2023-09-18,Paid,2023-09-15,Bank Transfer,TRF-2024-646,No,None,Matched with PO,Citra Finance,2023-08-05
INV-2024-170,2023-08-08,PO-2024-072,SUP-010,PT Pharma Excipient Supply,EXC-001,Lactose Monohydrate,2000,KG,20473,40946000,40946000,11,4504060,45450060,Net 60,2023-10-07,Paid,2023-10-02,Bank Transfer,TRF-2024-832,No,None,Matched with PO,Budi Finance,2023-08-09
INV-2024-171,2023-08-06,PO-2024-073,SUP-011,PT Chemical Works Indonesia,EXC-001,Povidone K30,1000,KG,60167,60167000,60167000,11,6618370,66785370,Net 45,2023-09-20,Paid,2023-09-17,Bank Transfer,TRF-2024-726,No,None,Matched with PO,Ani Finance,2023-08-07
INV-2024-172,2023-08-08,PO-2024-074,SUP-008,PT Global Pack Industries,PKG-004,Glass Vial 10ml,20000,Unit,5099,101980000,101980000,11,11217800,113197800,Net 45,2023-09-22,Paid,2023-09-21,Bank Transfer,TRF-2024-525,No,None,Perfect match with PO,Citra Finance,2023-08-09
INV-2024-173,2023-08-15,PO-2024-075,SUP-007,PT Multi Packaging Indonesia,PKG-001,PVC/PVDC Blister Pack 10x10,20000,Unit,494,9880000,9880000,11,1086800,10966800,Net 45,2023-09-29,Paid,2023-09-26,Bank Transfer,TRF-2024-982,No,None,Perfect match with PO,Budi Finance,2023-08-16
INV-2024-174,2023-08-24,PO-2024-076,SUP-004,PT Kalbe Farma,RAW-008,Ciprofloxacin,5000,KG,441511,2207555000,2207555000,11,242831050,2450386050,Net 30,2023-09-23,Paid,2023-09-19,Bank Transfer,TRF-2024-567,No,None,Matches PO exactly,Ani Finance,2023-08-25
INV-2024-175,2023-08-05,PO-2024-077,SUP-006,PT Indo Packaging Solutions,PKG-007,Desiccant Silica Gel 1g,20000,Unit,209,4180000,4180000,11,459800,4639800,Net 30,2023-09-04,Paid,2023-09-01,Bank Transfer,TRF-2024-499,No,None,Matches PO exactly,Ani Finance,2023-08-06
INV-2024-176,2023-08-16,PO-2024-078,SUP-007,PT Multi Packaging Indonesia,PKG-002,Aluminum Foil Strip (Cold Form),10000,Roll,120157,1201570000,1201570000,11,132172700,1333742700,Net 45,2023-09-30,Paid,2023-09-29,Bank Transfer,TRF-2024-431,No,None,Perfect match with PO,Budi Finance,2023-08-17
INV-2024-177,2023-08-05,PO-2024-079,SUP-006,PT Indo Packaging Solutions,PKG-006,Aluminum Screw Cap 28mm,20000,Unit,936,18720000,18720000,11,2059200,20779200,Net 30,2023-09-04,Paid,2023-09-01,Bank Transfer,TRF-2024-169,No,None,Matched with PO,Citra Finance,2023-08-06
INV-2024-178,2023-08-08,PO-2024-080,SUP-001,PT Kimia Farma Trading & Distribution,RAW-006,Metformin HCl,10000,KG,73871,738710000,738710000,11,81258100,819968100,Net 60,2023-10-07,Paid,2023-10-05,Bank Transfer,TRF-2024-971,No,None,Perfect match with PO,Citra Finance,2023-08-09
INV-2024-179,2023-08-22,PO-2024-081,SUP-005,PT Phapros,RAW-001,Amoxicillin Trihydrate,5000,KG,154906,774530000,774530000,11,85198300,859728300,Net 30,2023-09-21,Paid,2023-09-18,Bank Transfer,TRF-2024-319,No,None,Matches PO exactly,Budi Finance,2023-08-23
INV-2024-180,2023-08-13,PO-2024-082,SUP-001,PT Kimia Farma Trading & Distribution,RAW-001,Amoxicillin Trihydrate,10000,KG,156688,1566880000,1566880000,11,172356800,1739236800,Net 60,2023-10-12,Paid,2023-10-10,Bank Transfer,TRF-2024-275,No,None,Matched with PO,Ani Finance,2023-08-14
INV-2024-181,2023-08-21,PO-2024-083,SUP-004,PT Kalbe Farma,RAW-003,Ascorbic Acid (Vitamin C),1859,KG,45459,84508281,84508281,11,9295910,93804191,Net 30,2023-09-20,Pending,,,,Yes,Quantity Variance,Invoiced 1859 KG but PO was 2000 KG (-141 KG short delivery),,
INV-2024-182,2023-08-07,PO-2024-084,SUP-012,PT Brataco,EXC-001,Povidone K30,1000,KG,62907,62907000,62907000,11,6919770,69826770,Net 45,2023-09-21,Paid,2023-09-18,Bank Transfer,TRF-2024-450,No,None,Perfect match with PO,Budi Finance,2023-08-08
INV-2024-183,2023-08-10,PO-2024-085,SUP-011,PT Chemical Works Indonesia,EXC-001,Croscarmellose Sodium,1000,KG,130774,130774000,130774000,11,14385140,145159140,Net 45,2023-09-24,Paid,2023-09-20,Bank Transfer,TRF-2024-042,No,None,Matched with PO,Citra Finance,2023-08-11
INV-2024-184,2023-08-25,PO-2024-086,SUP-004,PT Kalbe Farma,RAW-002,Paracetamol,5000,KG,90587,452935000,452935000,11,49822850,502757850,Net 30,2023-09-24,Paid,2023-09-21,Bank Transfer,TRF-2024-455,No,None,Perfect match with PO,Budi Finance,2023-08-26
INV-2024-185,2023-08-17,PO-2024-087,SUP-001,PT Kimia Farma Trading & Distribution,RAW-009,Salbutamol Sulfate,5000,KG,933570,4667850000,4667850000,11,513463500,5181313500,Net 60,2023-10-16,Paid,2023-10-15,Bank Transfer,TRF-2024-669,No,None,Matches PO exactly,Citra Finance,2023-08-18
INV-2024-186,2023-08-13,PO-2024-088,SUP-001,PT Kimia Farma Trading & Distribution,RAW-002,Paracetamol,8000,KG,89195,713560000,713560000,11,78491600,792051600,Net 60,2023-10-12,Paid,2023-10-09,Bank Transfer,TRF-2024-860,No,None,Matched with PO,Citra Finance,2023-08-14
INV-2024-187,2023-08-10,PO-2024-089,SUP-003,PT Dexa Medica,RAW-010,Dexamethasone,2000,KG,341310,682620000,682620000,11,75088200,757708200,Net 45,2023-09-24,Paid,2023-09-20,Bank Transfer,TRF-2024-601,No,None,Matched with PO,Ani Finance,2023-08-11
INV-2024-188,2023-08-11,PO-2024-090,SUP-012,PT Brataco,EXC-001,Povidone K30,1000,KG,63830,63830000,63830000,11,7021300,70851300,Net 45,2023-09-25,Paid,2023-09-24,Bank Transfer,TRF-2024-116,No,None,Matched with PO,Ani Finance,2023-08-12
INV-2024-189,2023-08-26,PO-2024-091,SUP-007,PT Multi Packaging Indonesia,PKG-004,Glass Vial 10ml,30000,Unit,5144,154320000,154320000,11,16975200,171295200,Net 45,2023-10-10,Paid,2023-10-06,Bank Transfer,TRF-2024-341,No,None,Matches PO exactly,Budi Finance,2023-08-27
INV-2024-190,2023-08-26,PO-2024-092,SUP-007,PT Multi Packaging Indonesia,PKG-008,Leaflet (Patient Information),14008,Unit,115,1610920,1610920,11,177201,1788121,Net 45,2023-10-10,Pending,,,,Yes,Quantity Variance,Invoiced 14008 Unit but PO was 15000 Unit (-992 Unit short delivery),,
INV-2024-191,2023-08-13,PO-2024-093,SUP-009,PT Prima Pack Indonesia,PKG-006,Aluminum Screw Cap 28mm,20000,Unit,938,18760000,18760000,11,2063600,20823600,Net 45,2023-09-27,Paid,2023-09-24,Bank Transfer,TRF-2024-685,No,None,Matches PO exactly,Ani Finance,2023-08-14
INV-2024-192,2023-08-28,PO-2024-094,SUP-004,PT Kalbe Farma,RAW-004,Ibuprofen,8000,KG,211042,1688336000,1688336000,11,185716960,1874052960,Net 30,2023-09-27,Paid,2023-09-26,Bank Transfer,TRF-2024-315,No,None,Matches PO exactly,Citra Finance,2023-08-29
INV-2024-193,2023-08-18,PO-2024-095,SUP-011,PT Chemical Works Indonesia,EXC-001,Povidone K30,2000,KG,60786,121572000,121572000,11,13372920,134944920,Net 45,2023-10-02,Paid,2023-09-27,Bank Transfer,TRF-2024-453,No,None,Matched with PO,Budi Finance,2023-08-19
INV-2024-194,2023-08-14,PO-2024-096,SUP-002,PT Indofarma Global Medika,RAW-009,Salbutamol Sulfate,8000,KG,880855,7046840000,7046840000,11,775152400,7821992400,Net 60,2023-10-13,Paid,2023-10-08,Bank Transfer,TRF-2024-658,No,None,Perfect match with PO,Citra Finance,2023-08-15
INV-2024-195,2023-08-31,PO-2024-097,SUP-005,PT Phapros,RAW-001,Amoxicillin Trihydrate,8000,KG,156043,1248344000,1248344000,11,137317840,1385661840,Net 30,2023-09-30,Paid,2023-09-26,Bank Transfer,TRF-2024-384,No,None,Perfect match with PO,Citra Finance,2023-09-01
INV-2024-196,2023-08-16,PO-2024-098,SUP-010,PT Pharma Excipient Supply,EXC-001,Microcrystalline Cellulose (Avicel PH102),3000,KG,24194,72582000,72582000,11,7984020,80566020,Net 60,2023-10-15,Paid,2023-10-13,Bank Transfer,TRF-2024-940,No,None,Perfect match with PO,Budi Finance,2023-08-17
INV-2024-197,2023-08-18,PO-2024-099,SUP-010,PT Pharma Excipient Supply,EXC-001,Povidone K30,2000,KG,61750,123500000,123500000,11,13585000,137085000,Net 60,2023-10-17,Paid,2023-10-15,Bank Transfer,TRF-2024-646,No,None,Matches PO exactly,Ani Finance,2023-08-19
INV-2024-198,2023-08-18,PO-2024-100,SUP-012,PT Brataco,EXC-001,Starch (Pregelatinized),3000,KG,18053,54159000,54159000,11,5957490,60116490,Net 45,2023-10-02,Paid,2023-09-28,Bank Transfer,TRF-2024-237,No,None,Matches PO exactly,Budi Finance,2023-08-19
INV-2024-199,2023-08-22,PO-2024-101,SUP-008,PT Global Pack Industries,PKG-006,Aluminum Screw Cap 28mm,10000,Unit,926,9260000,9260000,11,1018600,10278600,Net 45,2023-10-06,Paid,2023-10-03,Bank Transfer,TRF-2024-294,No,None,Perfect match with PO,Budi Finance,2023-08-23
INV-2024-200,2023-08-19,PO-2024-102,SUP-008,PT Global Pack Industries,PKG-006,Aluminum Screw Cap 28mm,10000,Unit,940,9400000,9400000,11,1034000,10434000,Net 45,2023-10-03,Paid,2023-09-30,Bank Transfer,TRF-2024-062,No,None,Matches PO exactly,Citra Finance,2023-08-20
INV-2024-201,2023-08-21,PO-2024-103,SUP-010,PT Pharma Excipient Supply,EXC-001,Magnesium Stearate,5000,KG,36581,182905000,182905000,11,20119550,203024550,Net 60,2023-10-20,Paid,2023-10-19,Bank Transfer,TRF-2024-887,No,None,Perfect match with PO,Citra Finance,2023-08-22
INV-2024-202,2023-09-05,PO-2024-105,SUP-005,PT Phapros,RAW-010,Dexamethasone,5000,KG,350255,1751275000,1751275000,11,192640250,1943915250,Net 30,2023-10-05,Paid,2023-10-02,Bank Transfer,TRF-2024-374,No,None,Perfect match with PO,Budi Finance,2023-09-06
INV-2024-203,2023-08-23,PO-2024-106,SUP-006,PT Indo Packaging Solutions,PKG-001,PVC/PVDC Blister Pack 10x10,15000,Unit,509,7635000,7635000,11,839850,8474850,Net 30,2023-09-22,Paid,2023-09-19,Bank Transfer,TRF-2024-180,No,None,Matched with PO,Budi Finance,2023-08-24
INV-2024-204,2023-08-20,PO-2024-107,SUP-010,PT Pharma Excipient Supply,EXC-001,Lactose Monohydrate,5000,KG,21340,106700000,106700000,11,11737000,118437000,Net 60,2023-10-19,Paid,2023-10-18,Bank Transfer,TRF-2024-015,No,None,Perfect match with PO,Budi Finance,2023-08-21
INV-2024-205,2023-08-21,PO-2024-108,SUP-011,PT Chemical Works Indonesia,EXC-001,Colloidal Silicon Dioxide,1000,KG,197633,197633000,197633000,11,21739630,219372630,Net 45,2023-10-05,Paid,2023-10-03,Bank Transfer,TRF-2024-595,No,None,Matched with PO,Ani Finance,2023-08-22
INV-2024-206,2023-08-24,PO-2024-109,SUP-003,PT Dexa Medica,RAW-003,Ascorbic Acid (Vitamin C),2000,KG,44381,88762000,88762000,11,9763820,98525820,Net 45,2023-10-08,Paid,2023-10-06,Bank Transfer,TRF-2024-734,No,None,Matched with PO,Budi Finance,2023-08-25
INV-2024-207,2023-08-25,PO-2024-110,SUP-009,PT Prima Pack Indonesia,PKG-007,Desiccant Silica Gel 1g,25000,Unit,201,5025000,5025000,11,552750,5577750,Net 45,2023-10-09,Paid,2023-10-07,Bank Transfer,TRF-2024-387,No,None,Perfect match with PO,Ani Finance,2023-08-26
INV-2024-208,2023-09-01,PO-2024-111,SUP-007,PT Multi Packaging Indonesia,PKG-007,Desiccant Silica Gel 1g,30000,Unit,193,5790000,5790000,11,636900,6426900,Net 45,2023-10-16,Paid,2023-10-13,Bank Transfer,TRF-2024-113,No,None,Matched with PO,Budi Finance,2023-09-02
INV-2024-209,2023-09-08,PO-2024-112,SUP-005,PT Phapros,RAW-005,Cetirizine HCl,5000,KG,2981873,14909365000,14909365000,11,1640030150,16549395150,Net 30,2023-10-08,Paid,2023-10-03,Bank Transfer,TRF-2024-539,No,None,Matches PO exactly,Ani Finance,2023-09-09
INV-2024-210,2023-08-25,PO-2024-114,SUP-010,PT Pharma Excipient Supply,EXC-001,Talcum Powder,2000,KG,14562,29124000,29124000,11,3203640,32327640,Net 60,2023-10-24,Paid,2023-10-19,Bank Transfer,TRF-2024-201,No,None,Matched with PO,Budi Finance,2023-08-26
INV-2024-211,2023-08-26,PO-2024-115,SUP-011,PT Chemical Works Indonesia,EXC-001,Croscarmellose Sodium,5000,KG,133172,665860000,665860000,11,73244600,739104600,Net 45,2023-10-10,Paid,2023-10-08,Bank Transfer,TRF-2024-156,No,None,Perfect match with PO,Budi Finance,2023-08-27
INV-2024-212,2023-08-30,PO-2024-116,SUP-009,PT Prima Pack Indonesia,PKG-008,Leaflet (Patient Information),20000,Unit,113,2260000,2260000,11,248600,2508600,Net 45,2023-10-14,Paid,2023-10-10,Bank Transfer,TRF-2024-240,No,None,Matched with PO,Ani Finance,2023-08-31
INV-2024-213,2023-08-27,PO-2024-117,SUP-006,PT Indo Packaging Solutions,PKG-006,Aluminum Screw Cap 28mm,30000,Unit,866,25980000,25980000,11,2857800,28837800,Net 30,2023-09-26,Paid,2023-09-24,Bank Transfer,TRF-2024-738,No,None,Matched with PO,Ani Finance,2023-08-28
INV-2024-214,2023-08-26,PO-2024-118,SUP-012,PT Brataco,EXC-001,Croscarmellose Sodium,5000,KG,132837,664185000,664185000,11,73060350,737245350,Net 45,2023-10-10,Paid,2023-10-05,Bank Transfer,TRF-2024-374,No,None,Perfect match with PO,Budi Finance,2023-08-27
INV-2024-215,2023-09-03,PO-2024-119,SUP-008,PT Global Pack Industries,PKG-007,Desiccant Silica Gel 1g,15000,Unit,196,2940000,2940000,11,323400,3263400,Net 45,2023-10-18,Paid,2023-10-14,Bank Transfer,TRF-2024-213,No,None,Matches PO exactly,Citra Finance,2023-09-04
INV-2024-216,2023-08-30,PO-2024-120,SUP-001,PT Kimia Farma Trading & Distribution,RAW-010,Dexamethasone,8000,KG,367405,2939240000,2939240000,11,323316400,3262556400,Net 60,2023-10-29,Paid,2023-10-28,Bank Transfer,TRF-2024-856,No,None,Matches PO exactly,Ani Finance,2023-08-31
INV-2024-217,2023-09-12,PO-2024-121,SUP-005,PT Phapros,RAW-007,Omeprazole,2000,KG,2078802,4157604000,4157604000,11,457336440,4614940440,Net 30,2023-10-12,Paid,2023-10-09,Bank Transfer,TRF-2024-604,No,None,Matched with PO,Budi Finance,2023-09-13
INV-2024-218,2023-09-11,PO-2024-122,SUP-004,PT Kalbe Farma,RAW-005,Cetirizine HCl,3000,KG,2889941,8669823000,8669823000,11,953680530,9623503530,Net 30,2023-10-11,Paid,2023-10-07,Bank Transfer,TRF-2024-197,No,None,Matches PO exactly,Citra Finance,2023-09-12
INV-2024-219,2023-08-31,PO-2024-123,SUP-003,PT Dexa Medica,RAW-005,Cetirizine HCl,2000,KG,3078183,6156366000,6156366000,11,677200260,6833566260,Net 45,2023-10-15,Paid,2023-10-11,Bank Transfer,TRF-2024-099,No,None,Perfect match with PO,Ani Finance,2023-09-01
INV-2024-220,2023-08-31,PO-2024-124,SUP-012,PT Brataco,EXC-001,Croscarmellose Sodium,5000,KG,136452,682260000,682260000,11,75048600,757308600,Net 45,2023-10-15,Paid,2023-10-11,Bank Transfer,TRF-2024-324,No,None,Matched with PO,Ani Finance,2023-09-01
INV-2024-221,2023-08-29,PO-2024-125,SUP-009,PT Prima Pack Indonesia,PKG-006,Aluminum Screw Cap 28mm,10000,Unit,861,8610000,8610000,11,947100,9557100,Net 45,2023-10-13,Paid,2023-10-10,Bank Transfer,TRF-2024-290,No,None,Matched with PO,Citra Finance,2023-08-30
INV-2024-222,2023-09-02,PO-2024-126,SUP-010,PT Pharma Excipient Supply,EXC-001,Talcum Powder,5000,KG,15207,76035000,76035000,11,8363850,84398850,Net 60,2023-11-01,Paid,2023-10-27,Bank Transfer,TRF-2024-772,No,None,Matches PO exactly,Citra Finance,2023-09-03
INV-2024-223,2023-09-13,PO-2024-127,SUP-007,PT Multi Packaging Indonesia,PKG-002,Aluminum Foil Strip (Cold Form),25000,Roll,130290,3257250000,3257250000,11,358297500,3615547500,Net 45,2023-10-28,Paid,2023-10-25,Bank Transfer,TRF-2024-730,No,None,Perfect match with PO,Ani Finance,2023-09-14
INV-2024-224,2023-09-12,PO-2024-128,SUP-007,PT Multi Packaging Indonesia,PKG-003,HDPE Bottle 100ml,30000,Unit,3067,92010000,92010000,11,10121100,102131100,Net 45,2023-10-27,Paid,2023-10-25,Bank Transfer,TRF-2024-333,No,None,Matched with PO,Ani Finance,2023-09-13
INV-2024-225,2023-09-14,PO-2024-129,SUP-007,PT Multi Packaging Indonesia,PKG-004,Glass Vial 10ml,25000,Unit,5061,126525000,126525000,11,13917750,140442750,Net 45,2023-10-29,Paid,2023-10-26,Bank Transfer,TRF-2024-247,No,None,Matches PO exactly,Budi Finance,2023-09-15
INV-2024-226,2023-08-31,PO-2024-130,SUP-002,PT Indofarma Global Medika,RAW-009,Salbutamol Sulfate,1,KG,934632,934632,934632,11,102809,1037441,Net 60,2023-10-30,Pending,,,,Yes,Unmatched Item,Additional charge not in original PO - needs approval,,
INV-2024-227,2023-09-04,PO-2024-131,SUP-008,PT Global Pack Industries,PKG-003,HDPE Bottle 100ml,30000,Unit,2890,86700000,86700000,11,9537000,96237000,Net 45,2023-10-19,Paid,2023-10-17,Bank Transfer,TRF-2024-016,No,None,Perfect match with PO,Ani Finance,2023-09-05
INV-2024-228,2023-09-02,PO-2024-132,SUP-002,PT Indofarma Global Medika,RAW-005,Cetirizine HCl,10000,KG,3003986,30039860000,30039860000,11,3304384600,33344244600,Net 60,2023-11-01,Paid,2023-10-31,Bank Transfer,TRF-2024-130,No,None,Matches PO exactly,Ani Finance,2023-09-03
INV-2024-229,2023-09-06,PO-2024-133,SUP-001,PT Kimia Farma Trading & Distribution,RAW-003,Ascorbic Acid (Vitamin C),5000,KG,43938,219690000,219690000,11,24165900,243855900,Net 60,2023-11-05,Paid,2023-10-31,Bank Transfer,TRF-2024-143,No,None,Matched with PO,Ani Finance,2023-09-07
INV-2024-230,2023-09-05,PO-2024-134,SUP-011,PT Chemical Works Indonesia,EXC-001,Colloidal Silicon Dioxide,5000,KG,193230,966150000,966150000,11,106276500,1072426500,Net 45,2023-10-20,Paid,2023-10-15,Bank Transfer,TRF-2024-495,No,None,Perfect match with PO,Budi Finance,2023-09-06
INV-2024-231,2023-09-15,PO-2024-135,SUP-005,PT Phapros,RAW-010,Dexamethasone,3000,KG,343133,1029399000,1029399000,11,113233890,1142632890,Net 30,2023-10-15,Paid,2023-10-13,Bank Transfer,TRF-2024-515,No,None,Matched with PO,Citra Finance,2023-09-16
INV-2024-232,2023-09-06,PO-2024-136,SUP-010,PT Pharma Excipient Supply,EXC-001,Croscarmellose Sodium,3000,KG,134601,403803000,403803000,11,44418330,448221330,Net 60,2023-11-05,Paid,2023-11-02,Bank Transfer,TRF-2024-940,No,None,Matched with PO,Budi Finance,2023-09-07
INV-2024-233,2023-09-05,PO-2024-137,SUP-003,PT Dexa Medica,RAW-007,Omeprazole,3000,KG,2021977,6065931000,6065931000,11,667252410,6733183410,Net 45,2023-10-20,Paid,2023-10-18,Bank Transfer,TRF-2024-911,No,None,Perfect match with PO,Budi Finance,2023-09-06
INV-2024-234,2023-09-04,PO-2024-138,SUP-001,PT Kimia Farma Trading & Distribution,RAW-010,Dexamethasone,10000,KG,356847,3568470000,3568470000,11,392531700,3961001700,Net 60,2023-11-03,Paid,2023-11-02,Bank Transfer,TRF-2024-120,No,None,Perfect match with PO,Budi Finance,2023-09-05
INV-2024-235,2023-09-08,PO-2024-139,SUP-001,PT Kimia Farma Trading & Distribution,RAW-003,Ascorbic Acid (Vitamin C),8000,KG,45872,366976000,366976000,11,40367360,407343360,Net 60,2023-11-07,Paid,2023-11-04,Bank Transfer,TRF-2024-455,No,None,Matches PO exactly,Budi Finance,2023-09-09
INV-2024-236,2023-09-17,PO-2024-140,SUP-007,PT Multi Packaging Indonesia,PKG-004,Glass Vial 10ml,25000,Unit,4875,121875000,121875000,11,13406250,135281250,Net 45,2023-11-01,Paid,2023-10-31,Bank Transfer,TRF-2024-679,No,None,Matches PO exactly,Citra Finance,2023-09-18
INV-2024-237,2023-09-05,PO-2024-141,SUP-001,PT Kimia Farma Trading & Distribution,RAW-006,Metformin HCl,2000,KG,69987,139974000,139974000,11,15397140,155371140,Net 60,2023-11-04,Paid,2023-11-02,Bank Transfer,TRF-2024-817,No,None,Matches PO exactly,Ani Finance,2023-09-06
INV-2024-238,2023-09-03,PO-2024-142,SUP-011,PT Chemical Works Indonesia,EXC-001,Microcrystalline Cellulose (Avicel PH102),2000,KG,25923,51846000,51846000,11,5703060,57549060,Net 45,2023-10-18,Paid,2023-10-17,Bank Transfer,TRF-2024-060,No,None,Matched with PO,Citra Finance,2023-09-04
INV-2024-239,2023-09-03,PO-2024-143,SUP-006,PT Indo Packaging Solutions,PKG-008,Leaflet (Patient Information),10000,Unit,109,1090000,1090000,11,119900,1209900,Net 30,2023-10-03,Paid,2023-09-29,Bank Transfer,TRF-2024-920,No,None,Matches PO exactly,Citra Finance,2023-09-04
INV-2024-240,2023-09-07,PO-2024-144,SUP-012,PT Brataco,EXC-001,Talcum Powder,1000,KG,14670,14670000,14670000,11,1613700,16283700,Net 45,2023-10-22,Paid,2023-10-18,Bank Transfer,TRF-2024-566,No,None,Perfect match with PO,Ani Finance,2023-09-08
INV-2024-241,2023-09-19,PO-2024-145,SUP-005,PT Phapros,RAW-004,Ibuprofen,2000,KG,202100,404200000,404200000,11,44462000,448662000,Net 30,2023-10-19,Paid,2023-10-16,Bank Transfer,TRF-2024-892,No,None,Matched with PO,Ani Finance,2023-09-20
INV-2024-242,2023-09-19,PO-2024-146,SUP-004,PT Kalbe Farma,RAW-002,Paracetamol,8000,KG,87082,696656000,696656000,11,76632160,773288160,Net 30,2023-10-19,Paid,2023-10-17,Bank Transfer,TRF-2024-266,No,None,Perfect match with PO,Ani Finance,2023-09-20
INV-2024-243,2023-09-15,PO-2024-147,SUP-007,PT Multi Packaging Indonesia,PKG-004,Glass Vial 10ml,15000,Unit,5015,75225000,75225000,11,8274750,83499750,Net 45,2023-10-30,Paid,2023-10-28,Bank Transfer,TRF-2024-343,No,None,Matches PO exactly,Citra Finance,2023-09-16
INV-2024-244,2023-09-04,PO-2024-148,SUP-012,PT Brataco,EXC-001,Povidone K30,2000,KG,64513,129026000,129026000,11,14192860,143218860,Net 45,2023-10-19,Paid,2023-10-16,Bank Transfer,TRF-2024-096,No,None,Matched with PO,Ani Finance,2023-09-05
INV-2024-245,2023-09-08,PO-2024-149,SUP-003,PT Dexa Medica,RAW-009,Salbutamol Sulfate,5000,KG,887929,4439645000,4439645000,11,488360950,4928005950,Net 45,2023-10-23,Paid,2023-10-20,Bank Transfer,TRF-2024-722,No,None,Matched with PO,Budi Finance,2023-09-09
INV-2024-246,2023-09-24,PO-2024-150,SUP-005,PT Phapros,RAW-010,Dexamethasone,10000,KG,349941,3499410000,3499410000,11,384935100,3884345100,Net 30,2023-10-24,Paid,2023-10-21,Bank Transfer,TRF-2024-374,No,None,Perfect match with PO,Ani Finance,2023-09-25
INV-2024-247,2023-09-16,PO-2024-151,SUP-007,PT Multi Packaging Indonesia,PKG-005,Corrugated Carton Box (Master),15000,Unit,3358,50370000,50370000,11,5540700,55910700,Net 45,2023-10-31,Paid,2023-10-26,Bank Transfer,TRF-2024-325,No,None,Matches PO exactly,Ani Finance,2023-09-17
INV-2024-248,2023-09-07,PO-2024-152,SUP-003,PT Dexa Medica,RAW-008,Ciprofloxacin,5000,KG,461583,2307915000,2307915000,11,253870650,2561785650,Net 45,2023-10-22,Paid,2023-10-20,Bank Transfer,TRF-2024-310,No,None,Perfect match with PO,Ani Finance,2023-09-08
INV-2024-249,2023-09-07,PO-2024-153,SUP-002,PT Indofarma Global Medika,RAW-007,Omeprazole,5000,KG,1901451,9507255000,9507255000,11,1045798050,10553053050,Net 60,2023-11-06,Paid,2023-11-01,Bank Transfer,TRF-2024-615,No,None,Perfect match with PO,Citra Finance,2023-09-08
INV-2024-250,2023-09-11,PO-2024-154,SUP-003,PT Dexa Medica,RAW-002,Paracetamol,10000,KG,84935,849350000,849350000,11,93428500,942778500,Net 45,2023-10-26,Paid,2023-10-24,Bank Transfer,TRF-2024-111,No,None,Matched with PO,Budi Finance,2023-09-12
INV-2024-251,2023-09-12,PO-2024-155,SUP-009,PT Prima Pack Indonesia,PKG-008,Leaflet (Patient Information),30000,Unit,104,3120000,3120000,11,343200,3463200,Net 45,2023-10-27,Paid,2023-10-22,Bank Transfer,TRF-2024-618,No,None,Matches PO exactly,Ani Finance,2023-09-13
INV-2024-252,2023-09-09,PO-2024-156,SUP-011,PT Chemical Works Indonesia,EXC-001,Croscarmellose Sodium,3000,KG,141374,424122000,424122000,11,46653420,470775420,Net 45,2023-10-24,Paid,2023-10-19,Bank Transfer,TRF-2024-882,No,None,Matched with PO,Ani Finance,2023-09-10
INV-2024-253,2023-09-12,PO-2024-157,SUP-006,PT Indo Packaging Solutions,PKG-006,Aluminum Screw Cap 28mm,10000,Unit,896,8960000,8960000,11,985600,9945600,Net 30,2023-10-12,Paid,2023-10-08,Bank Transfer,TRF-2024-396,No,None,Matches PO exactly,Budi Finance,2023-09-13
INV-2024-254,2023-09-09,PO-2024-158,SUP-009,PT Prima Pack Indonesia,PKG-001,PVC/PVDC Blister Pack 10x10,10000,Unit,522,5220000,5220000,11,574200,5794200,Net 45,2023-10-24,Paid,2023-10-21,Bank Transfer,TRF-2024-961,No,None,Matched with PO,Ani Finance,2023-09-10
INV-2024-255,2023-09-09,PO-2024-159,SUP-011,PT Chemical Works Indonesia,EXC-001,Povidone K30,2000,KG,60338,120676000,120676000,11,13274360,133950360,Net 45,2023-10-24,Paid,2023-10-22,Bank Transfer,TRF-2024-683,No,None,Matched with PO,Budi Finance,2023-09-10
INV-2024-256,2023-09-13,PO-2024-160,SUP-011,PT Chemical Works Indonesia,EXC-001,Lactose Monohydrate,2000,KG,20294,40588000,40588000,11,4464680,45052680,Net 45,2023-10-28,Paid,2023-10-27,Bank Transfer,TRF-2024-437,No,None,Perfect match with PO,Budi Finance,2023-09-14
INV-2024-257,2023-09-28,PO-2024-161,SUP-004,PT Kalbe Farma,RAW-003,Ascorbic Acid (Vitamin C),5000,KG,43330,216650000,216650000,11,23831500,240481500,Net 30,2023-10-28,Paid,2023-10-24,Bank Transfer,TRF-2024-003,No,None,Matched with PO,Citra Finance,2023-09-29
INV-2024-258,2023-09-13,PO-2024-162,SUP-012,PT Brataco,EXC-001,Microcrystalline Cellulose (Avicel PH102),5000,KG,24255,121275000,121275000,11,13340250,134615250,Net 45,2023-10-28,Paid,2023-10-27,Bank Transfer,TRF-2024-021,No,None,Matched with PO,Ani Finance,2023-09-14
INV-2024-259,2023-09-27,PO-2024-163,SUP-005,PT Phapros,RAW-008,Ciprofloxacin,3000,KG,447137,1341411000,1341411000,11,147555210,1488966210,Net 30,2023-10-27,Paid,2023-10-23,Bank Transfer,TRF-2024-435,No,None,Perfect match with PO,Budi Finance,2023-09-28
INV-2024-260,2023-10-01,PO-2024-164,SUP-005,PT Phapros,RAW-007,Omeprazole,10000,KG,1965942,19659420000,19659420000,11,2162536200,21821956200,Net 30,2023-10-31,Paid,2023-10-30,Bank Transfer,TRF-2024-578,No,None,Perfect match with PO,Ani Finance,2023-10-02
INV-2024-261,2023-09-20,PO-2024-165,SUP-001,PT Kimia Farma Trading & Distribution,RAW-005,Cetirizine HCl,3000,KG,2956589,8869767000,8869767000,11,975674370,9845441370,Net 60,2023-11-19,Paid,2023-11-16,Bank Transfer,TRF-2024-741,No,None,Perfect match with PO,Budi Finance,2023-09-21
INV-2024-262,2023-09-13,PO-2024-166,SUP-011,PT Chemical Works Indonesia,EXC-001,Magnesium Stearate,2000,KG,33669,67338000,67338000,11,7407180,74745180,Net 45,2023-10-28,Paid,2023-10-25,Bank Transfer,TRF-2024-049,No,None,Matches PO exactly,Citra Finance,2023-09-14
INV-2024-263,2023-09-24,PO-2024-167,SUP-007,PT Multi Packaging Indonesia,PKG-004,Glass Vial 10ml,20000,Unit,5156,103120000,103120000,11,11343200,114463200,Net 45,2023-11-08,Paid,2023-11-03,Bank Transfer,TRF-2024-612,No,None,Perfect match with PO,Budi Finance,2023-09-25
INV-2024-264,2023-09-17,PO-2024-168,SUP-010,PT Pharma Excipient Supply,EXC-001,Magnesium Stearate,3000,KG,34593,103779000,103779000,11,11415690,115194690,Net 60,2023-11-16,Paid,2023-11-13,Bank Transfer,TRF-2024-838,No,None,Matches PO exactly,Ani Finance,2023-09-18
INV-2024-265,2023-09-17,PO-2024-169,SUP-011,PT Chemical Works Indonesia,EXC-001,Starch (Pregelatinized),1000,KG,17713,17713000,17713000,11,1948430,19661430,Net 45,2023-11-01,Paid,2023-10-30,Bank Transfer,TRF-2024-444,No,None,Matches PO exactly,Budi Finance,2023-09-18
INV-2024-266,2023-09-17,PO-2024-170,SUP-009,PT Prima Pack Indonesia,PKG-003,HDPE Bottle 100ml,10000,Unit,2919,29190000,29190000,11,3210900,32400900,Net 45,2023-11-01,Paid,2023-10-30,Bank Transfer,TRF-2024-370,No,None,Perfect match with PO,Citra Finance,2023-09-18
INV-2024-267,2023-09-20,PO-2024-171,SUP-011,PT Chemical Works Indonesia,EXC-001,Lactose Monohydrate,2000,KG,20480,40960000,40960000,11,4505600,45465600,Net 45,2023-11-04,Paid,2023-10-31,Bank Transfer,TRF-2024-268,No,None,Matched with PO,Ani Finance,2023-09-21
INV-2024-268,2023-09-29,PO-2024-173,SUP-007,PT Multi Packaging Indonesia,PKG-008,Leaflet (Patient Information),25000,Unit,113,2825000,2825000,11,310750,3135750,Net 45,2023-11-13,Paid,2023-11-09,Bank Transfer,TRF-2024-251,No,None,Matched with PO,Citra Finance,2023-09-30
INV-2024-269,2023-09-20,PO-2024-174,SUP-011,PT Chemical Works Indonesia,EXC-001,Starch (Pregelatinized),3000,KG,18146,54438000,54438000,11,5988180,60426180,Net 45,2023-11-04,Paid,2023-11-03,Bank Transfer,TRF-2024-006,No,None,Matches PO exactly,Budi Finance,2023-09-21
INV-2024-270,2023-10-01,PO-2024-175,SUP-005,PT Phapros,RAW-004,Ibuprofen,10000,KG,211912,2119120000,2119120000,11,233103200,2352223200,Net 30,2023-10-31,Paid,2023-10-28,Bank Transfer,TRF-2024-307,No,None,Perfect match with PO,Ani Finance,2023-10-02
INV-2024-271,2023-10-02,PO-2024-178,SUP-007,PT Multi Packaging Indonesia,PKG-004,Glass Vial 10ml,25000,Unit,5018,125450000,125450000,11,13799500,139249500,Net 45,2023-11-16,Paid,2023-11-14,Bank Transfer,TRF-2024-894,No,None,Matches PO exactly,Budi Finance,2023-10-03
INV-2024-272,2023-10-08,PO-2024-179,SUP-005,PT Phapros,RAW-007,Omeprazole,2000,KG,1938708,3877416000,3877416000,11,426515760,4303931760,Net 30,2023-11-07,Paid,2023-11-04,Bank Transfer,TRF-2024-980,No,None,Perfect match with PO,Citra Finance,2023-10-09
INV-2024-273,2023-10-02,PO-2024-180,SUP-007,PT Multi Packaging Indonesia,PKG-004,Glass Vial 10ml,30000,Unit,4890,146700000,146700000,11,16137000,162837000,Net 45,2023-11-16,Paid,2023-11-11,Bank Transfer,TRF-2024-740,No,None,Perfect match with PO,Ani Finance,2023-10-03
INV-2024-274,2023-09-21,PO-2024-181,SUP-011,PT Chemical Works Indonesia,EXC-001,Microcrystalline Cellulose (Avicel PH102),3000,KG,24765,74295000,74295000,11,8172450,82467450,Net 45,2023-11-05,Paid,2023-11-04,Bank Transfer,TRF-2024-935,No,None,Perfect match with PO,Budi Finance,2023-09-22
INV-2024-275,2023-10-08,PO-2024-182,SUP-007,PT Multi Packaging Indonesia,PKG-003,HDPE Bottle 100ml,30000,Unit,3077,92310000,92310000,11,10154100,102464100,Net 45,2023-11-22,Paid,2023-11-19,Bank Transfer,TRF-2024-593,No,None,Perfect match with PO,Ani Finance,2023-10-09
INV-2024-276,2023-10-08,PO-2024-183,SUP-007,PT Multi Packaging Indonesia,PKG-007,Desiccant Silica Gel 1g,20000,Unit,194,3880000,3880000,11,426800,4306800,Net 45,2023-11-22,Paid,2023-11-19,Bank Transfer,TRF-2024-122,No,None,Perfect match with PO,Citra Finance,2023-10-09
INV-2024-277,2023-09-29,PO-2024-184,SUP-011,PT Chemical Works Indonesia,EXC-001,Magnesium Stearate,1000,KG,35382,35382000,35382000,11,3892020,39274020,Net 45,2023-11-13,Paid,2023-11-09,Bank Transfer,TRF-2024-995,No,None,Matches PO exactly,Ani Finance,2023-09-30
INV-2024-278,2023-09-28,PO-2024-185,SUP-006,PT Indo Packaging Solutions,PKG-001,PVC/PVDC Blister Pack 10x10,25000,Unit,487,12175000,12175000,11,1339250,13514250,Net 30,2023-10-28,Paid,2023-10-25,Bank Transfer,TRF-2024-936,No,None,Matched with PO,Ani Finance,2023-09-29
INV-2024-279,2023-09-26,PO-2024-186,SUP-012,PT Brataco,EXC-001,Croscarmellose Sodium,1000,KG,129078,129078000,129078000,11,14198580,143276580,Net 45,2023-11-10,Paid,2023-11-05,Bank Transfer,TRF-2024-371,No,None,Perfect match with PO,Budi Finance,2023-09-27
INV-2024-280,2023-10-12,PO-2024-188,SUP-005,PT Phapros,RAW-005,Cetirizine HCl,10000,KG,3116809,31168090000,31168090000,11,3428489900,34596579900,Net 30,2023-11-11,Paid,2023-11-08,Bank Transfer,TRF-2024-123,No,None,Matched with PO,Budi Finance,2023-10-13
INV-2024-281,2023-10-01,PO-2024-189,SUP-006,PT Indo Packaging Solutions,PKG-003,HDPE Bottle 100ml,15000,Unit,2901,43515000,43515000,11,4786650,48301650,Net 30,2023-10-31,Paid,2023-10-30,Bank Transfer,TRF-2024-148,No,None,Matched with PO,Citra Finance,2023-10-02
INV-2024-282,2023-10-11,PO-2024-190,SUP-007,PT Multi Packaging Indonesia,PKG-003,HDPE Bottle 100ml,20000,Unit,2980,59600000,59600000,11,6556000,66156000,Net 45,2023-11-25,Paid,2023-11-24,Bank Transfer,TRF-2024-965,No,None,Perfect match with PO,Budi Finance,2023-10-12
INV-2024-283,2023-10-08,PO-2024-191,SUP-007,PT Multi Packaging Indonesia,PKG-002,Aluminum Foil Strip (Cold Form),25000,Roll,119311,2982775000,2982775000,11,328105250,3310880250,Net 45,2023-11-22,Paid,2023-11-21,Bank Transfer,TRF-2024-458,No,None,Matched with PO,Budi Finance,2023-10-09
INV-2024-284,2023-10-15,PO-2024-192,SUP-005,PT Phapros,RAW-001,Amoxicillin Trihydrate,2000,KG,152887,305774000,305774000,11,33635140,339409140,Net 30,2023-11-14,Paid,2023-11-09,Bank Transfer,TRF-2024-863,No,None,Perfect match with PO,Ani Finance,2023-10-16
INV-2024-285,2023-09-30,PO-2024-193,SUP-010,PT Pharma Excipient Supply,EXC-001,Lactose Monohydrate,3000,KG,21120,63360000,63360000,11,6969600,70329600,Net 60,2023-11-29,Paid,2023-11-24,Bank Transfer,TRF-2024-230,No,None,Perfect match with PO,Ani Finance,2023-10-01
INV-2024-286,2023-10-14,PO-2024-194,SUP-005,PT Phapros,RAW-003,Ascorbic Acid (Vitamin C),3000,KG,43142,129426000,129426000,11,14236860,143662860,Net 30,2023-11-13,Paid,2023-11-10,Bank Transfer,TRF-2024-214,No,None,Matched with PO,Budi Finance,2023-10-15
INV-2024-287,2023-10-01,PO-2024-195,SUP-012,PT Brataco,EXC-001,Povidone K30,5000,KG,60219,301095000,301095000,11,33120450,334215450,Net 45,2023-11-15,Paid,2023-11-12,Bank Transfer,TRF-2024-179,No,None,Matches PO exactly,Budi Finance,2023-10-02
INV-2024-288,2023-10-15,PO-2024-196,SUP-004,PT Kalbe Farma,RAW-004,Ibuprofen,5000,KG,202022,1010110000,1010110000,11,111112100,1121222100,Net 30,2023-11-14,Paid,2023-11-10,Bank Transfer,TRF-2024-638,No,None,Perfect match with PO,Citra Finance,2023-10-16
INV-2024-289,2023-09-29,PO-2024-197,SUP-010,PT Pharma Excipient Supply,EXC-001,Povidone K30,1000,KG,64519,64519000,64519000,11,7097090,71616090,Net 60,2023-11-28,Paid,2023-11-27,Bank Transfer,TRF-2024-730,No,None,Matches PO exactly,Ani Finance,2023-09-30
INV-2024-290,2023-09-30,PO-2024-198,SUP-010,PT Pharma Excipient Supply,EXC-001,Starch (Pregelatinized),5000,KG,17519,87595000,87595000,11,9635450,97230450,Net 60,2023-11-29,Paid,2023-11-26,Bank Transfer,TRF-2024-775,No,None,Perfect match with PO,Citra Finance,2023-10-01
INV-2024-291,2023-10-14,PO-2024-199,SUP-005,PT Phapros,RAW-007,Omeprazole,5000,KG,2061452,10307260000,10307260000,11,1133798600,11441058600,Net 30,2023-11-13,Paid,2023-11-10,Bank Transfer,TRF-2024-238,No,None,Perfect match with PO,Budi Finance,2023-10-15
INV-2024-292,2023-09-29,PO-2024-200,SUP-003,PT Dexa Medica,RAW-010,Dexamethasone,10000,KG,365229,3652290000,3652290000,11,401751900,4054041900,Net 45,2023-11-13,Paid,2023-11-10,Bank Transfer,TRF-2024-569,No,None,Perfect match with PO,Budi Finance,2023-09-30
INV-2024-293,2023-10-02,PO-2024-201,SUP-002,PT Indofarma Global Medika,RAW-008,Ciprofloxacin,2000,KG,434609,869218000,869218000,11,95613980,964831980,Net 60,2023-12-01,Paid,2023-11-30,Bank Transfer,TRF-2024-987,No,None,Matches PO exactly,Ani Finance,2023-10-03
INV-2024-294,2023-09-30,PO-2024-202,SUP-006,PT Indo Packaging Solutions,PKG-006,Aluminum Screw Cap 28mm,20000,Unit,879,17580000,17580000,11,1933800,19513800,Net 30,2023-10-30,Paid,2023-10-29,Bank Transfer,TRF-2024-113,No,None,Perfect match with PO,Citra Finance,2023-10-01
INV-2024-295,2023-10-13,PO-2024-203,SUP-004,PT Kalbe Farma,RAW-007,Omeprazole,3000,KG,1975557,5926671000,5926671000,11,651933810,6578604810,Net 30,2023-11-12,Paid,2023-11-09,Bank Transfer,TRF-2024-079,No,None,Matches PO exactly,Citra Finance,2023-10-14
INV-2024-296,2023-10-04,PO-2024-205,SUP-002,PT Indofarma Global Medika,RAW-009,Salbutamol Sulfate,5000,KG,960726,4803630000,4803630000,11,528399300,5332029300,Net 60,2023-12-03,Paid,2023-12-01,Bank Transfer,TRF-2024-005,No,None,Matched with PO,Ani Finance,2023-10-05
INV-2024-297,2023-10-08,PO-2024-206,SUP-001,PT Kimia Farma Trading & Distribution,RAW-009,Salbutamol Sulfate,8000,KG,916410,7331280000,7331280000,11,806440800,8137720800,Net 60,2023-12-07,Paid,2023-12-04,Bank Transfer,TRF-2024-435,No,None,Matched with PO,Citra Finance,2023-10-09
INV-2024-298,2023-10-07,PO-2024-207,SUP-001,PT Kimia Farma Trading & Distribution,RAW-004,Ibuprofen,2000,KG,195950,391900000,391900000,11,43109000,435009000,Net 60,2023-12-06,Paid,2023-12-01,Bank Transfer,TRF-2024-720,No,None,Matched with PO,Budi Finance,2023-10-08
INV-2024-299,2023-10-01,PO-2024-208,SUP-009,PT Prima Pack Indonesia,PKG-004,Glass Vial 10ml,30000,Unit,5172,155160000,155160000,11,17067600,172227600,Net 45,2023-11-15,Paid,2023-11-10,Bank Transfer,TRF-2024-416,No,None,Perfect match with PO,Ani Finance,2023-10-02
INV-2024-300,2023-10-19,PO-2024-209,SUP-005,PT Phapros,RAW-006,Metformin HCl,3000,KG,79052,237156000,237156000,11,26087160,263243160,Net 30,2023-11-18,Pending,,,,Yes,Price Variance,"Unit price higher than PO: Rp 79,052 vs Rp 75,985 (+4.04%)",,
INV-2024-301,2023-10-17,PO-2024-210,SUP-004,PT Kalbe Farma,RAW-008,Ciprofloxacin,10000,KG,454278,4542780000,4542780000,11,499705800,5042485800,Net 30,2023-11-16,Paid,2023-11-15,Bank Transfer,TRF-2024-314,No,None,Matches PO exactly,Budi Finance,2023-10-18
INV-2024-302,2023-10-02,PO-2024-211,SUP-002,PT Indofarma Global Medika,RAW-003,Ascorbic Acid (Vitamin C),8000,KG,44042,352336000,352336000,11,38756960,391092960,Net 60,2023-12-01,Paid,2023-11-28,Bank Transfer,TRF-2024-493,No,None,Matches PO exactly,Ani Finance,2023-10-03
INV-2024-303,2023-10-06,PO-2024-212,SUP-012,PT Brataco,EXC-001,Povidone K30,1000,KG,64951,64951000,64951000,11,7144610,72095610,Net 45,2023-11-20,Paid,2023-11-19,Bank Transfer,TRF-2024-539,No,None,Perfect match with PO,Budi Finance,2023-10-07
INV-2024-304,2023-10-02,PO-2024-213,SUP-002,PT Indofarma Global Medika,RAW-001,Amoxicillin Trihydrate,10000,KG,146644,1466440000,1466440000,11,161308400,1627748400,Net 60,2023-12-01,Paid,2023-11-27,Bank Transfer,TRF-2024-838,No,None,Matches PO exactly,Ani Finance,2023-10-03
INV-2024-305,2023-10-09,PO-2024-214,SUP-001,PT Kimia Farma Trading & Distribution,RAW-003,Ascorbic Acid (Vitamin C),10000,KG,45254,452540000,452540000,11,49779400,502319400,Net 60,2023-12-08,Paid,2023-12-06,Bank Transfer,TRF-2024-849,No,None,Matches PO exactly,Budi Finance,2023-10-10
INV-2024-306,2023-10-22,PO-2024-215,SUP-005,PT Phapros,RAW-006,Metformin HCl,2000,KG,73673,147346000,147346000,11,16208060,163554060,Net 30,2023-11-21,Paid,2023-11-17,Bank Transfer,TRF-2024-583,No,None,Perfect match with PO,Ani Finance,2023-10-23
INV-2024-307,2023-10-05,PO-2024-216,SUP-010,PT Pharma Excipient Supply,EXC-001,Talcum Powder,1000,KG,15502,15502000,15502000,11,1705220,17207220,Net 60,2023-12-04,Paid,2023-12-03,Bank Transfer,TRF-2024-667,No,None,Matches PO exactly,Ani Finance,2023-10-06
INV-2024-308,2023-10-22,PO-2024-217,SUP-004,PT Kalbe Farma,RAW-003,Ascorbic Acid (Vitamin C),10000,KG,46000,460000000,460000000,11,50600000,510600000,Net 30,2023-11-21,Paid,2023-11-19,Bank Transfer,TRF-2024-647,No,None,Perfect match with PO,Ani Finance,2023-10-23
INV-2024-309,2023-10-05,PO-2024-218,SUP-006,PT Indo Packaging Solutions,PKG-005,Corrugated Carton Box (Master),15000,Unit,3493,52395000,52395000,11,5763450,58158450,Net 30,2023-11-04,Paid,2023-11-01,Bank Transfer,TRF-2024-164,No,None,Matches PO exactly,Ani Finance,2023-10-06
INV-2024-310,2023-10-06,PO-2024-219,SUP-009,PT Prima Pack Indonesia,PKG-001,PVC/PVDC Blister Pack 10x10,20000,Unit,520,10400000,10400000,11,1144000,11544000,Net 45,2023-11-20,Paid,2023-11-17,Bank Transfer,TRF-2024-198,No,None,Matched with PO,Citra Finance,2023-10-07
INV-2024-311,2023-10-08,PO-2024-220,SUP-002,PT Indofarma Global Medika,RAW-006,Metformin HCl,3000,KG,71785,215355000,215355000,11,23689050,239044050,Net 60,2023-12-07,Paid,2023-12-04,Bank Transfer,TRF-2024-415,No,None,Matches PO exactly,Ani Finance,2023-10-09
INV-2024-312,2023-10-20,PO-2024-221,SUP-007,PT Multi Packaging Indonesia,PKG-006,Aluminum Screw Cap 28mm,20000,Unit,867,17340000,17340000,11,1907400,19247400,Net 45,2023-12-04,Paid,2023-11-29,Bank Transfer,TRF-2024-984,No,None,Matches PO exactly,Ani Finance,2023-10-21
INV-2024-313,2023-10-09,PO-2024-222,SUP-008,PT Global Pack Industries,PKG-008,Leaflet (Patient Information),15000,Unit,113,1695000,1695000,11,186450,1881450,Net 45,2023-11-23,Paid,2023-11-21,Bank Transfer,TRF-2024-525,No,None,Perfect match with PO,Citra Finance,2023-10-10
INV-2024-314,2023-10-11,PO-2024-224,SUP-001,PT Kimia Farma Trading & Distribution,RAW-009,Salbutamol Sulfate,2000,KG,951090,1902180000,1902180000,11,209239800,2111419800,Net 60,2023-12-10,Paid,2023-12-09,Bank Transfer,TRF-2024-640,No,None,Matches PO exactly,Budi Finance,2023-10-12
INV-2024-315,2023-10-11,PO-2024-225,SUP-012,PT Brataco,EXC-001,Magnesium Stearate,2000,KG,34967,69934000,69934000,11,7692740,77626740,Net 45,2023-11-25,Paid,2023-11-21,Bank Transfer,TRF-2024-067,No,None,Matched with PO,Ani Finance,2023-10-12
INV-2024-316,2023-10-08,PO-2024-226,SUP-009,PT Prima Pack Indonesia,PKG-006,Aluminum Screw Cap 28mm,10000,Unit,907,9070000,9070000,11,997700,10067700,Net 45,2023-11-22,Paid,2023-11-20,Bank Transfer,TRF-2024-845,No,None,Perfect match with PO,Budi Finance,2023-10-09
INV-2024-317,2023-10-09,PO-2024-227,SUP-009,PT Prima Pack Indonesia,PKG-003,HDPE Bottle 100ml,15000,Unit,2913,43695000,43695000,11,4806450,48501450,Net 45,2023-11-23,Paid,2023-11-22,Bank Transfer,TRF-2024-284,No,None,Perfect match with PO,Citra Finance,2023-10-10
INV-2024-318,2023-10-10,PO-2024-228,SUP-012,PT Brataco,EXC-001,Povidone K30,5000,KG,63612,318060000,318060000,11,34986600,353046600,Net 45,2023-11-24,Paid,2023-11-23,Bank Transfer,TRF-2024-684,No,None,Matches PO exactly,Citra Finance,2023-10-11
INV-2024-319,2023-10-09,PO-2024-229,SUP-012,PT Brataco,EXC-001,Microcrystalline Cellulose (Avicel PH102),2000,KG,25159,50318000,50318000,11,5534980,55852980,Net 45,2023-11-23,Pending,,,,Yes,Price Variance,"Unit price higher than PO: Rp 25,159 vs Rp 24,261 (+3.70%)",,
INV-2024-320,2023-10-26,PO-2024-230,SUP-004,PT Kalbe Farma,RAW-008,Ciprofloxacin,5000,KG,448189,2240945000,2240945000,11,246503950,2487448950,Net 30,2023-11-25,Paid,2023-11-24,Bank Transfer,TRF-2024-364,No,None,Perfect match with PO,Citra Finance,2023-10-27
INV-2024-321,2023-10-10,PO-2024-231,SUP-009,PT Prima Pack Indonesia,PKG-006,Aluminum Screw Cap 28mm,30000,Unit,888,26640000,26640000,11,2930400,29570400,Net 45,2023-11-24,Paid,2023-11-20,Bank Transfer,TRF-2024-090,No,None,Matches PO exactly,Ani Finance,2023-10-11
INV-2024-322,2023-10-16,PO-2024-232,SUP-001,PT Kimia Farma Trading & Distribution,RAW-009,Salbutamol Sulfate,8000,KG,878341,7026728000,7026728000,11,772940080,7799668080,Net 60,2023-12-15,Paid,2023-12-10,Bank Transfer,TRF-2024-504,No,None,Matches PO exactly,Ani Finance,2023-10-17
INV-2024-323,2023-10-14,PO-2024-233,SUP-010,PT Pharma Excipient Supply,EXC-001,Microcrystalline Cellulose (Avicel PH102),5000,KG,24926,124630000,124630000,11,13709300,138339300,Net 60,2023-12-13,Paid,2023-12-10,Bank Transfer,TRF-2024-872,No,None,Matches PO exactly,Budi Finance,2023-10-15
INV-2024-324,2023-10-14,PO-2024-235,SUP-011,PT Chemical Works Indonesia,EXC-001,Croscarmellose Sodium,1000,KG,129905,129905000,129905000,11,14289550,144194550,Net 45,2023-11-28,Paid,2023-11-24,Bank Transfer,TRF-2024-641,No,None,Matched with PO,Ani Finance,2023-10-15
INV-2024-325,2023-10-13,PO-2024-236,SUP-010,PT Pharma Excipient Supply,EXC-001,Lactose Monohydrate,3000,KG,21879,65637000,65637000,11,7220070,72857070,Net 60,2023-12-12,Paid,2023-12-08,Bank Transfer,TRF-2024-011,No,None,Perfect match with PO,Ani Finance,2023-10-14
INV-2024-326,2023-10-14,PO-2024-237,SUP-003,PT Dexa Medica,RAW-010,Dexamethasone,8000,KG,354276,2834208000,2834208000,11,311762880,3145970880,Net 45,2023-11-28,Paid,2023-11-25,Bank Transfer,TRF-2024-330,No,None,Matches PO exactly,Budi Finance,2023-10-15
INV-2024-327,2023-10-30,PO-2024-239,SUP-004,PT Kalbe Farma,RAW-007,Omeprazole,5000,KG,1915572,9577860000,9577860000,11,1053564600,10631424600,Net 30,2023-11-29,Paid,2023-11-25,Bank Transfer,TRF-2024-438,No,None,Matched with PO,Citra Finance,2023-10-31
INV-2024-328,2023-10-28,PO-2024-240,SUP-004,PT Kalbe Farma,RAW-005,Cetirizine HCl,10000,KG,3091943,30919430000,30919430000,11,3401137300,34320567300,Net 30,2023-11-27,Paid,2023-11-25,Bank Transfer,TRF-2024-066,No,None,Matches PO exactly,Ani Finance,2023-10-29
INV-2024-329,2023-10-16,PO-2024-241,SUP-009,PT Prima Pack Indonesia,PKG-003,HDPE Bottle 100ml,30000,Unit,3149,94470000,94470000,11,10391700,104861700,Net 45,2023-11-30,Paid,2023-11-25,Bank Transfer,TRF-2024-573,No,None,Perfect match with PO,Citra Finance,2023-10-17
INV-2024-330,2023-10-15,PO-2024-242,SUP-011,PT Chemical Works Indonesia,EXC-001,Croscarmellose Sodium,1000,KG,135345,135345000,135345000,11,14887950,150232950,Net 45,2023-11-29,Paid,2023-11-27,Bank Transfer,TRF-2024-836,No,None,Matches PO exactly,Ani Finance,2023-10-16
INV-2024-331,2023-10-19,PO-2024-243,SUP-011,PT Chemical Works Indonesia,EXC-001,Microcrystalline Cellulose (Avicel PH102),3000,KG,24330,72990000,72990000,11,8028900,81018900,Net 45,2023-12-03,Paid,2023-11-29,Bank Transfer,TRF-2024-195,No,None,Matches PO exactly,Budi Finance,2023-10-20
INV-2024-332,2023-10-15,PO-2024-244,SUP-002,PT Indofarma Global Medika,RAW-001,Amoxicillin Trihydrate,3000,KG,152128,456384000,456384000,11,50202240,506586240,Net 60,2023-12-14,Paid,2023-12-09,Bank Transfer,TRF-2024-519,No,None,Matched with PO,Ani Finance,2023-10-16
INV-2024-333,2023-10-28,PO-2024-245,SUP-007,PT Multi Packaging Indonesia,PKG-008,Leaflet (Patient Information),10000,Unit,112,1120000,1120000,11,123200,1243200,Net 45,2023-12-12,Paid,2023-12-08,Bank Transfer,TRF-2024-287,No,None,Matches PO exactly,Budi Finance,2023-10-29
INV-2024-334,2023-10-16,PO-2024-246,SUP-002,PT Indofarma Global Medika,RAW-001,Amoxicillin Trihydrate,10000,KG,155224,1552240000,1552240000,11,170746400,1722986400,Net 60,2023-12-15,Paid,2023-12-11,Bank Transfer,TRF-2024-185,No,None,Perfect match with PO,Citra Finance,2023-10-17
INV-2024-335,2023-10-21,PO-2024-247,SUP-011,PT Chemical Works Indonesia,EXC-001,Croscarmellose Sodium,3000,KG,140439,421317000,421317000,11,46344870,467661870,Net 45,2023-12-05,Paid,2023-12-03,Bank Transfer,TRF-2024-958,No,None,Matches PO exactly,Budi Finance,2023-10-22
INV-2024-336,2023-11-04,PO-2024-248,SUP-004,PT Kalbe Farma,RAW-001,Amoxicillin Trihydrate,3000,KG,143107,429321000,429321000,11,47225310,476546310,Net 30,2023-12-04,Paid,2023-12-01,Bank Transfer,TRF-2024-337,No,None,Perfect match with PO,Citra Finance,2023-11-05
INV-2024-337,2023-11-02,PO-2024-249,SUP-005,PT Phapros,RAW-010,Dexamethasone,8000,KG,352061,2816488000,2816488000,11,309813680,3126301680,Net 30,2023-12-02,Paid,2023-12-01,Bank Transfer,TRF-2024-944,No,None,Perfect match with PO,Ani Finance,2023-11-03
INV-2024-338,2023-10-20,PO-2024-250,SUP-002,PT Indofarma Global Medika,RAW-008,Ciprofloxacin,9323,KG,466948,4353356204,4353356204,11,478869182,4832225386,Net 60,2023-12-19,Pending,,,,Yes,Quantity Variance,Invoiced 9323 KG but PO was 10000 KG (-677 KG short delivery),,
