po_number,po_date,pr_number,supplier_id,supplier_name,material_code,material_name,quantity,unit,unit_price_idr,subtotal_idr,tax_percent,tax_amount_idr,total_amount_idr,delivery_date,delivery_location,payment_terms,status,created_by,approved_by,approval_date,received_date,received_quantity,notes
PO-2024-001,2023-07-01,PR-2024-078,SUP-003,PT Dexa Medica,RAW-009,Salbutamol Sulfate,10000,KG,962608,9626080000,11,1058868800,10684948800,2023-07-10,Warehouse A - Jakarta,Net 45,Completed,Ani Procurement,Sari Director,2023-07-02,2023-07-10,10000,Quality check required retest
PO-2024-002,2023-07-01,PR-2024-081,SUP-009,PT Prima Pack Indonesia,PKG-002,Aluminum Foil Strip (Cold Form),25000,Roll,131248,3281200000,11,360932000,3642132000,2023-07-09,Warehouse B - Bandung,Net 45,Completed,Ani Procurement,Sari Director,2023-07-02,2023-07-09,24326,Quality check required retest
PO-2024-003,2023-07-02,PR-2024-085,SUP-001,PT Kimia Farma Trading & Distribution,RAW-001,Amoxicillin Trihydrate,8000,KG,154295,1234360000,11,135779600,1370139600,2023-07-13,Warehouse A - Jakarta,Net 60,Completed,Citra Procurement,Sari Director,2023-07-03,2023-07-13,8000,Quality check required retest
PO-2024-004,2023-07-03,PR-2024-089,SUP-002,PT Indofarma Global Medika,RAW-002,Paracetamol,8000,KG,86112,688896000,11,75778560,764674560,2023-07-11,Warehouse B - Bandung,Net 60,Completed,Citra Procurement,Sari Director,2023-07-04,2023-07-11,7797,Delivery 2 days late
PO-2024-005,2023-07-04,PR-2024-092,SUP-005,PT Phapros,RAW-004,Ibuprofen,8000,KG,212988,1703904000,11,187429440,1891333440,2023-07-27,Warehouse A - Jakarta,Net 30,Completed,Budi Procurement,Sari Director,2023-07-05,2023-07-27,8000,On-time delivery with COA
PO-2024-006,2023-07-04,PR-2024-094,SUP-009,PT Prima Pack Indonesia,PKG-008,Leaflet (Patient Information),20000,Unit,115,2300000,11,253000,2553000,2023-07-13,Warehouse A - Jakarta,Net 45,Completed,Citra Procurement,Rudi Manager,2023-07-05,2023-07-13,20000,Delivery 2 days late
PO-2024-007,2023-07-04,PR-2024-095,SUP-003,PT Dexa Medica,RAW-010,Dexamethasone,2000,KG,365864,731728000,11,80490080,812218080,2023-07-11,Warehouse B - Bandung,Net 45,Completed,Citra Procurement,Sari Director,2023-07-05,2023-07-11,2000,Slight delay but acceptable quality
PO-2024-008,2023-07-05,PR-2024-098,SUP-001,PT Kimia Farma Trading & Distribution,RAW-009,Salbutamol Sulfate,8000,KG,906891,7255128000,11,798064080,8053192080,2023-07-18,Warehouse A - Jakarta,Net 60,Completed,Ani Procurement,Sari Director,2023-07-06,2023-07-18,8000,Delivery 2 days late
PO-2024-009,2023-07-05,PR-2024-099,SUP-008,PT Global Pack Industries,PKG-008,Leaflet (Patient Information),10000,Unit,106,1060000,11,116600,1176600,2023-07-18,Warehouse A - Jakarta,Net 45,Completed,Citra Procurement,Rudi Manager,2023-07-06,2023-07-18,10000,Quality check required retest
PO-2024-010,2023-07-05,PR-2024-100,SUP-006,PT Indo Packaging Solutions,PKG-006,Aluminum Screw Cap 28mm,15000,Unit,866,12990000,11,1428900,14418900,2023-07-15,Warehouse B - Bandung,Net 30,Completed,Citra Procurement,Rudi Manager,2023-07-06,2023-07-15,15000,COA received
PO-2024-011,2023-07-06,PR-2024-102,SUP-008,PT Global Pack Industries,PKG-005,Corrugated Carton Box (Master),30000,Unit,3476,104280000,11,11470800,115750800,2023-07-19,Warehouse A - Jakarta,Net 45,Completed,Ani Procurement,Rudi Manager,2023-07-07,2023-07-19,30000,Quality check required retest
PO-2024-012,2023-07-06,PR-2024-103,SUP-011,PT Chemical Works Indonesia,EXC-001,Lactose Monohydrate,1000,KG,20964,20964000,11,2306040,23270040,2023-07-12,Warehouse B - Bandung,Net 45,Completed,Ani Procurement,Rudi Manager,2023-07-07,2023-07-12,1000,Delivery 2 days late
PO-2024-013,2023-07-06,PR-2024-105,SUP-005,PT Phapros,RAW-009,Salbutamol Sulfate,8000,KG,929865,7438920000,11,818281200,8257201200,2023-07-25,Warehouse B - Bandung,Net 30,Completed,Citra Procurement,Sari Director,2023-07-07,2023-07-25,8000,On-time delivery with COA
PO-2024-014,2023-07-07,PR-2024-108,SUP-004,PT Kalbe Farma,RAW-004,Ibuprofen,10000,KG,211186,2111860000,11,232304600,2344164600,2023-07-31,Warehouse A - Jakarta,Net 30,Completed,Citra Procurement,Sari Director,2023-07-08,2023-07-31,10000,Quality check passed
PO-2024-015,2023-07-08,PR-2024-109,SUP-001,PT Kimia Farma Trading & Distribution,RAW-005,Cetirizine HCl,10000,KG,3070770,30707700000,11,3377847000,34085547000,2023-07-17,Warehouse A - Jakarta,Net 60,Completed,Ani Procurement,Sari Director,2023-07-09,2023-07-17,10000,Slight delay but acceptable quality
PO-2024-016,2023-07-08,PR-2024-111,SUP-006,PT Indo Packaging Solutions,PKG-006,Aluminum Screw Cap 28mm,20000,Unit,944,18880000,11,2076800,20956800,2023-07-14,Warehouse A - Jakarta,Net 30,Completed,Ani Procurement,Rudi Manager,2023-07-09,2023-07-14,20000,Delivered on schedule
PO-2024-017,2023-07-08,PR-2024-112,SUP-009,PT Prima Pack Indonesia,PKG-005,Corrugated Carton Box (Master),15000,Unit,3582,53730000,11,5910300,59640300,2023-07-18,Warehouse A - Jakarta,Net 45,Completed,Ani Procurement,Rudi Manager,2023-07-09,2023-07-18,15000,Delivery 2 days late
PO-2024-018,2023-07-09,PR-2024-113,SUP-010,PT Pharma Excipient Supply,EXC-001,Microcrystalline Cellulose (Avicel PH102),5000,KG,25653,128265000,11,14109150,142374150,2023-07-18,Warehouse A - Jakarta,Net 60,Completed,Budi Procurement,Rudi Manager,2023-07-10,2023-07-18,5000,Slight delay but acceptable quality
PO-2024-019,2023-07-10,PR-2024-117,SUP-012,PT Brataco,EXC-001,Lactose Monohydrate,5000,KG,21361,106805000,11,11748550,118553550,2023-07-15,Warehouse B - Bandung,Net 45,Completed,Budi Procurement,Rudi Manager,2023-07-11,2023-07-15,5000,Slight delay but acceptable quality
PO-2024-020,2023-07-10,PR-2024-118,SUP-009,PT Prima Pack Indonesia,PKG-005,Corrugated Carton Box (Master),20000,Unit,3580,71600000,11,7876000,79476000,2023-07-18,Warehouse A - Jakarta,Net 45,Completed,Citra Procurement,Rudi Manager,2023-07-11,2023-07-18,20000,Delivery 2 days late
PO-2024-021,2023-07-11,PR-2024-121,SUP-011,PT Chemical Works Indonesia,EXC-001,Microcrystalline Cellulose (Avicel PH102),1000,KG,24307,24307000,11,2673770,26980770,2023-07-17,Warehouse A - Jakarta,Net 45,Completed,Citra Procurement,Rudi Manager,2023-07-12,2023-07-17,1000,Delivery 2 days late
PO-2024-022,2023-07-12,PR-2024-124,SUP-009,PT Prima Pack Indonesia,PKG-007,Desiccant Silica Gel 1g,10000,Unit,200,2000000,11,220000,2220000,2023-07-19,Warehouse A - Jakarta,Net 45,Completed,Budi Procurement,Rudi Manager,2023-07-13,2023-07-19,10000,Delivery 2 days late
PO-2024-023,2023-07-13,PR-2024-126,SUP-010,PT Pharma Excipient Supply,EXC-001,Colloidal Silicon Dioxide,5000,KG,207926,1039630000,11,114359300,1153989300,2023-07-21,Warehouse A - Jakarta,Net 60,Completed,Ani Procurement,Sari Director,2023-07-14,2023-07-21,5000,Quality check required retest
PO-2024-024,2023-07-13,PR-2024-129,SUP-011,PT Chemical Works Indonesia,EXC-001,Lactose Monohydrate,5000,KG,20284,101420000,11,11156200,112576200,2023-07-22,Warehouse A - Jakarta,Net 45,Completed,Citra Procurement,Rudi Manager,2023-07-14,2023-07-22,5000,Quality check required retest
PO-2024-025,2023-07-13,PR-2024-131,SUP-008,PT Global Pack Industries,PKG-008,Leaflet (Patient Information),15000,Unit,110,1650000,11,181500,1831500,2023-07-24,Warehouse A - Jakarta,Net 45,Completed,Budi Procurement,Rudi Manager,2023-07-14,2023-07-24,15000,Quality check required retest
PO-2024-026,2023-07-14,PR-2024-134,SUP-010,PT Pharma Excipient Supply,EXC-001,Colloidal Silicon Dioxide,3000,KG,191917,575751000,11,63332610,639083610,2023-07-20,Warehouse A - Jakarta,Net 60,Completed,Budi Procurement,Sari Director,2023-07-15,2023-07-20,3000,Quality check required retest
PO-2024-027,2023-07-14,PR-2024-135,SUP-003,PT Dexa Medica,RAW-004,Ibuprofen,3000,KG,207326,621978000,11,68417580,690395580,2023-07-19,Warehouse B - Bandung,Net 45,Completed,Ani Procurement,Sari Director,2023-07-15,2023-07-19,3000,Slight delay but acceptable quality
PO-2024-028,2023-07-15,PR-2024-137,SUP-011,PT Chemical Works Indonesia,EXC-001,Colloidal Silicon Dioxide,2000,KG,203859,407718000,11,44848980,452566980,2023-07-23,Warehouse A - Jakarta,Net 45,Completed,Budi Procurement,Rudi Manager,2023-07-16,2023-07-23,2000,Quality check required retest
PO-2024-029,2023-07-15,PR-2024-141,SUP-005,PT Phapros,RAW-003,Ascorbic Acid (Vitamin C),2000,KG,46612,93224000,11,10254640,103478640,2023-08-06,Warehouse B - Bandung,Net 30,Completed,Ani Procurement,Rudi Manager,2023-07-16,2023-08-06,2000,On-time delivery with COA
PO-2024-030,2023-07-15,PR-2024-145,SUP-003,PT Dexa Medica,RAW-001,Amoxicillin Trihydrate,10000,KG,155860,1558600000,11,171446000,1730046000,2023-07-25,Warehouse A - Jakarta,Net 45,Completed,Ani Procurement,Sari Director,2023-07-16,2023-07-25,10000,Delivery 2 days late
PO-2024-031,2023-07-16,PR-2024-148,SUP-011,PT Chemical Works Indonesia,EXC-001,Povidone K30,3000,KG,64075,192225000,11,21144750,213369750,2023-07-25,Warehouse A - Jakarta,Net 45,Completed,Budi Procurement,Rudi Manager,2023-07-17,2023-07-25,3000,Delivery 2 days late
PO-2024-032,2023-07-16,PR-2024-152,SUP-008,PT Global Pack Industries,PKG-003,HDPE Bottle 100ml,10000,Unit,3005,30050000,11,3305500,33355500,2023-07-26,Warehouse A - Jakarta,Net 45,Completed,Budi Procurement,Rudi Manager,2023-07-17,2023-07-26,10000,Quality check required retest
PO-2024-033,2023-07-17,PR-2024-153,SUP-006,PT Indo Packaging Solutions,PKG-003,HDPE Bottle 100ml,25000,Unit,3039,75975000,11,8357250,84332250,2023-07-27,Warehouse B - Bandung,Net 30,Completed,Budi Procurement,Rudi Manager,2023-07-18,2023-07-27,25000,COA received
PO-2024-034,2023-07-17,PR-2024-157,SUP-004,PT Kalbe Farma,RAW-008,Ciprofloxacin,8000,KG,446294,3570352000,11,392738720,3963090720,2023-08-06,Warehouse B - Bandung,Net 30,Completed,Ani Procurement,Sari Director,2023-07-18,2023-08-06,8000,Quality check passed
PO-2024-035,2023-07-17,PR-2024-158,SUP-008,PT Global Pack Industries,PKG-004,Glass Vial 10ml,25000,Unit,4969,124225000,11,13664750,137889750,2023-07-27,Warehouse B - Bandung,Net 45,Completed,Budi Procurement,Rudi Manager,2023-07-18,2023-07-27,25000,Delivery 2 days late
PO-2024-036,2023-07-18,PR-2024-159,SUP-006,PT Indo Packaging Solutions,PKG-004,Glass Vial 10ml,10000,Unit,4896,48960000,11,5385600,54345600,2023-07-24,Warehouse A - Jakarta,Net 30,Completed,Ani Procurement,Rudi Manager,2023-07-19,2023-07-24,10000,Delivered on schedule
PO-2024-037,2023-07-18,PR-2024-162,SUP-005,PT Phapros,RAW-007,Omeprazole,8000,KG,2019485,16155880000,11,1777146800,17933026800,2023-08-11,Warehouse A - Jakarta,Net 30,Completed,Ani Procurement,Sari Director,2023-07-19,2023-08-11,8000,On-time delivery with COA
PO-2024-038,2023-07-19,PR-2024-166,SUP-010,PT Pharma Excipient Supply,EXC-001,Croscarmellose Sodium,1000,KG,129797,129797000,11,14277670,144074670,2023-07-26,Warehouse A - Jakarta,Net 60,Completed,Ani Procurement,Rudi Manager,2023-07-20,2023-07-26,1000,Quality check required retest
PO-2024-039,2023-07-19,PR-2024-170,SUP-002,PT Indofarma Global Medika,RAW-010,Dexamethasone,10000,KG,340729,3407290000,11,374801900,3782091900,2023-07-26,Warehouse A - Jakarta,Net 60,Completed,Citra Procurement,Sari Director,2023-07-20,2023-07-26,10000,Delivery 2 days late
PO-2024-040,2023-07-20,PR-2024-174,SUP-010,PT Pharma Excipient Supply,EXC-001,Talcum Powder,3000,KG,14751,44253000,11,4867830,49120830,2023-07-30,Warehouse A - Jakarta,Net 60,Completed,Ani Procurement,Rudi Manager,2023-07-21,2023-07-30,3000,Slight delay but acceptable quality
PO-2024-041,2023-07-20,PR-2024-178,SUP-012,PT Brataco,EXC-001,Colloidal Silicon Dioxide,2000,KG,194523,389046000,11,42795060,431841060,2023-07-25,Warehouse A - Jakarta,Net 45,Completed,Citra Procurement,Rudi Manager,2023-07-21,2023-07-25,2000,Slight delay but acceptable quality
PO-2024-042,2023-07-20,PR-2024-181,SUP-001,PT Kimia Farma Trading & Distribution,RAW-007,Omeprazole,10000,KG,1962886,19628860000,11,2159174600,21788034600,2023-07-31,Warehouse B - Bandung,Net 60,Completed,Citra Procurement,Sari Director,2023-07-21,2023-07-31,10000,Quality check required retest
PO-2024-043,2023-07-21,PR-2024-184,SUP-004,PT Kalbe Farma,RAW-007,Omeprazole,10000,KG,1999212,19992120000,11,2199133200,22191253200,2023-08-11,Warehouse B - Bandung,Net 30,Completed,Citra Procurement,Sari Director,2023-07-22,2023-08-11,10000,Quality check passed
PO-2024-044,2023-07-21,PR-2024-186,SUP-011,PT Chemical Works Indonesia,EXC-001,Talcum Powder,2000,KG,15467,30934000,11,3402740,34336740,2023-07-30,Warehouse B - Bandung,Net 45,Completed,Budi Procurement,Rudi Manager,2023-07-22,2023-07-30,2000,Slight delay but acceptable quality
PO-2024-045,2023-07-22,PR-2024-188,SUP-011,PT Chemical Works Indonesia,EXC-001,Talcum Powder,2000,KG,14299,28598000,11,3145780,31743780,2023-07-27,Warehouse B - Bandung,Net 45,Completed,Citra Procurement,Rudi Manager,2023-07-23,2023-07-27,2000,Slight delay but acceptable quality
PO-2024-046,2023-07-22,PR-2024-189,SUP-006,PT Indo Packaging Solutions,PKG-001,PVC/PVDC Blister Pack 10x10,20000,Unit,510,10200000,11,1122000,11322000,2023-07-29,Warehouse B - Bandung,Net 30,Completed,Citra Procurement,Rudi Manager,2023-07-23,2023-07-29,20000,COA received
PO-2024-047,2023-07-22,PR-2024-190,SUP-004,PT Kalbe Farma,RAW-005,Cetirizine HCl,2000,KG,3072616,6145232000,11,675975520,6821207520,2023-08-12,Warehouse A - Jakarta,Net 30,Completed,Ani Procurement,Sari Director,2023-07-23,2023-08-12,2000,COA received
PO-2024-048,2023-07-23,PR-2024-194,SUP-002,PT Indofarma Global Medika,RAW-009,Salbutamol Sulfate,2000,KG,891195,1782390000,11,196062900,1978452900,2023-07-30,Warehouse B - Bandung,Net 60,Completed,Budi Procurement,Sari Director,2023-07-24,2023-07-30,2000,Quality check required retest
PO-2024-049,2023-07-23,PR-2024-197,SUP-006,PT Indo Packaging Solutions,PKG-005,Corrugated Carton Box (Master),20000,Unit,3539,70780000,11,7785800,78565800,2023-07-31,Warehouse A - Jakarta,Net 30,Completed,Ani Procurement,Rudi Manager,2023-07-24,2023-07-31,20000,COA received
PO-2024-050,2023-07-23,PR-2024-201,SUP-012,PT Brataco,EXC-001,Magnesium Stearate,2000,KG,34537,69074000,11,7598140,76672140,2023-07-29,Warehouse B - Bandung,Net 45,Completed,Budi Procurement,Rudi Manager,2023-07-24,2023-07-29,2000,Quality check required retest
PO-2024-051,2023-07-23,PR-2024-203,SUP-011,PT Chemical Works Indonesia,EXC-001,Croscarmellose Sodium,1000,KG,131860,131860000,11,14504600,146364600,2023-07-31,Warehouse A - Jakarta,Net 45,Completed,Budi Procurement,Rudi Manager,2023-07-24,2023-07-31,1000,Slight delay but acceptable quality
PO-2024-052,2023-07-24,PR-2024-206,SUP-010,PT Pharma Excipient Supply,EXC-001,Magnesium Stearate,3000,KG,34094,102282000,11,11251020,113533020,2023-08-01,Warehouse B - Bandung,Net 60,Completed,Citra Procurement,Rudi Manager,2023-07-25,2023-08-01,3000,Slight delay but acceptable quality
PO-2024-053,2023-07-24,PR-2024-208,SUP-010,PT Pharma Excipient Supply,EXC-001,Starch (Pregelatinized),5000,KG,18395,91975000,11,10117250,102092250,2023-08-01,Warehouse A - Jakarta,Net 60,Completed,Budi Procurement,Rudi Manager,2023-07-25,2023-08-01,5000,Quality check required retest
PO-2024-054,2023-07-25,PR-2024-209,SUP-011,PT Chemical Works Indonesia,EXC-001,Talcum Powder,1000,KG,15250,15250000,11,1677500,16927500,2023-07-30,Warehouse A - Jakarta,Net 45,Completed,Ani Procurement,Rudi Manager,2023-07-26,2023-07-30,1000,Quality check required retest
PO-2024-055,2023-07-25,PR-2024-213,SUP-002,PT Indofarma Global Medika,RAW-004,Ibuprofen,8000,KG,196409,1571272000,11,172839920,1744111920,2023-08-01,Warehouse B - Bandung,Net 60,Completed,Ani Procurement,Sari Director,2023-07-26,2023-08-01,8000,Slight delay but acceptable quality
PO-2024-056,2023-07-25,PR-2024-214,SUP-011,PT Chemical Works Indonesia,EXC-001,Povidone K30,5000,KG,60406,302030000,11,33223300,335253300,2023-08-02,Warehouse B - Bandung,Net 45,Completed,Budi Procurement,Rudi Manager,2023-07-26,2023-08-02,5000,Quality check required retest
PO-2024-057,2023-07-25,PR-2024-215,SUP-012,PT Brataco,EXC-001,Lactose Monohydrate,3000,KG,21247,63741000,11,7011510,70752510,2023-07-31,Warehouse B - Bandung,Net 45,Completed,Ani Procurement,Rudi Manager,2023-07-26,2023-07-31,3000,Delivery 2 days late
PO-2024-058,2023-07-25,PR-2024-218,SUP-010,PT Pharma Excipient Supply,EXC-001,Microcrystalline Cellulose (Avicel PH102),3000,KG,26216,78648000,11,8651280,87299280,2023-08-02,Warehouse A - Jakarta,Net 60,Completed,Citra Procurement,Rudi Manager,2023-07-26,2023-08-02,3000,Slight delay but acceptable quality
PO-2024-059,2023-07-26,PR-2024-222,SUP-008,PT Global Pack Industries,PKG-001,PVC/PVDC Blister Pack 10x10,25000,Unit,499,12475000,11,1372250,13847250,2023-08-06,Warehouse A - Jakarta,Net 45,Completed,Ani Procurement,Rudi Manager,2023-07-27,2023-08-06,25000,Slight delay but acceptable quality
PO-2024-060,2023-07-26,PR-2024-226,SUP-008,PT Global Pack Industries,PKG-003,HDPE Bottle 100ml,30000,Unit,2956,88680000,11,9754800,98434800,2023-08-06,Warehouse A - Jakarta,Net 45,Completed,Ani Procurement,Rudi Manager,2023-07-27,2023-08-06,30000,Quality check required retest
PO-2024-061,2023-07-26,PR-2024-228,SUP-012,PT Brataco,EXC-001,Povidone K30,1000,KG,65700,65700000,11,7227000,72927000,2023-07-31,Warehouse A - Jakarta,Net 45,Completed,Budi Procurement,Rudi Manager,2023-07-27,2023-07-31,1000,Slight delay but acceptable quality
PO-2024-062,2023-07-26,PR-2024-230,SUP-007,PT Multi Packaging Indonesia,PKG-008,Leaflet (Patient Information),15000,Unit,105,1575000,11,173250,1748250,2023-08-15,Warehouse B - Bandung,Net 45,Completed,Budi Procurement,Rudi Manager,2023-07-27,2023-08-15,14369,Quality check passed
PO-2024-063,2023-07-27,PR-2024-232,SUP-005,PT Phapros,RAW-008,Ciprofloxacin,2000,KG,444239,888478000,11,97732580,986210580,2023-08-20,Warehouse A - Jakarta,Net 30,Completed,Citra Procurement,Sari Director,2023-07-28,2023-08-20,2000,On-time delivery with COA
PO-2024-064,2023-07-27,PR-2024-234,SUP-006,PT Indo Packaging Solutions,PKG-005,Corrugated Carton Box (Master),30000,Unit,3610,108300000,11,11913000,120213000,2023-08-01,Warehouse B - Bandung,Net 30,Completed,Ani Procurement,Rudi Manager,2023-07-28,2023-08-01,30000,COA received
PO-2024-065,2023-07-27,PR-2024-237,SUP-011,PT Chemical Works Indonesia,EXC-001,Povidone K30,3000,KG,61169,183507000,11,20185770,203692770,2023-08-01,Warehouse A - Jakarta,Net 45,Completed,Ani Procurement,Rudi Manager,2023-07-28,2023-08-01,3000,Quality check required retest
PO-2024-066,2023-07-28,PR-2024-238,SUP-001,PT Kimia Farma Trading & Distribution,RAW-010,Dexamethasone,8000,KG,352756,2822048000,11,310425280,3132473280,2023-08-08,Warehouse A - Jakarta,Net 60,Completed,Ani Procurement,Sari Director,2023-07-29,2023-08-08,8000,Delivery 2 days late
PO-2024-067,2023-07-28,PR-2024-241,SUP-008,PT Global Pack Industries,PKG-002,Aluminum Foil Strip (Cold Form),30000,Roll,124247,3727410000,11,410015100,4137425100,2023-08-07,Warehouse A - Jakarta,Net 45,Completed,Budi Procurement,Sari Director,2023-07-29,2023-08-07,30000,Delivery 2 days late
PO-2024-068,2023-07-28,PR-2024-242,SUP-006,PT Indo Packaging Solutions,PKG-006,Aluminum Screw Cap 28mm,10000,Unit,861,8610000,11,947100,9557100,2023-08-07,Warehouse A - Jakarta,Net 30,Completed,Ani Procurement,Rudi Manager,2023-07-29,2023-08-07,10000,COA received
PO-2024-069,2023-07-28,PR-2024-246,SUP-008,PT Global Pack Industries,PKG-008,Leaflet (Patient Information),15000,Unit,112,1680000,11,184800,1864800,2023-08-06,Warehouse B - Bandung,Net 45,Completed,Ani Procurement,Rudi Manager,2023-07-29,2023-08-06,15000,Quality check required retest
PO-2024-070,2023-07-28,PR-2024-249,SUP-005,PT Phapros,RAW-005,Cetirizine HCl,8000,KG,2959710,23677680000,11,2604544800,26282224800,2023-08-20,Warehouse A - Jakarta,Net 30,Completed,Budi Procurement,Sari Director,2023-07-29,2023-08-20,8000,On-time delivery with COA
PO-2024-071,2023-07-29,PR-2024-252,SUP-011,PT Chemical Works Indonesia,EXC-001,Lactose Monohydrate,5000,KG,20293,101465000,11,11161150,112626150,2023-08-04,Warehouse B - Bandung,Net 45,Completed,Budi Procurement,Rudi Manager,2023-07-30,2023-08-04,5000,Delivery 2 days late
PO-2024-072,2023-07-29,PR-2024-253,SUP-010,PT Pharma Excipient Supply,EXC-001,Lactose Monohydrate,2000,KG,20473,40946000,11,4504060,45450060,2023-08-08,Warehouse B - Bandung,Net 60,Completed,Ani Procurement,Rudi Manager,2023-07-30,2023-08-08,2000,Delivery 2 days late
PO-2024-073,2023-07-29,PR-2024-256,SUP-011,PT Chemical Works Indonesia,EXC-001,Povidone K30,1000,KG,60167,60167000,11,6618370,66785370,2023-08-06,Warehouse B - Bandung,Net 45,Completed,Budi Procurement,Rudi Manager,2023-07-30,2023-08-06,1000,Delivery 2 days late
PO-2024-074,2023-07-30,PR-2024-258,SUP-008,PT Global Pack Industries,PKG-004,Glass Vial 10ml,20000,Unit,5099,101980000,11,11217800,113197800,2023-08-08,Warehouse B - Bandung,Net 45,Completed,Ani Procurement,Rudi Manager,2023-07-31,2023-08-08,20000,Delivery 2 days late
PO-2024-075,2023-07-30,PR-2024-262,SUP-007,PT Multi Packaging Indonesia,PKG-001,PVC/PVDC Blister Pack 10x10,20000,Unit,494,9880000,11,1086800,10966800,2023-08-15,Warehouse A - Jakarta,Net 45,Completed,Budi Procurement,Rudi Manager,2023-07-31,2023-08-15,20000,Delivered on schedule
PO-2024-076,2023-07-31,PR-2024-266,SUP-004,PT Kalbe Farma,RAW-008,Ciprofloxacin,5000,KG,441511,2207555000,11,242831050,2450386050,2023-08-24,Warehouse B - Bandung,Net 30,Completed,Citra Procurement,Sari Director,2023-08-01,2023-08-24,5000,Quality check passed
PO-2024-077,2023-07-31,PR-2024-268,SUP-006,PT Indo Packaging Solutions,PKG-007,Desiccant Silica Gel 1g,20000,Unit,209,4180000,11,459800,4639800,2023-08-05,Warehouse A - Jakarta,Net 30,Completed,Ani Procurement,Rudi Manager,2023-08-01,2023-08-05,20000,Quality check passed
PO-2024-078,2023-07-31,PR-2024-269,SUP-007,PT Multi Packaging Indonesia,PKG-002,Aluminum Foil Strip (Cold Form),10000,Roll,120157,1201570000,11,132172700,1333742700,2023-08-16,Warehouse A - Jakarta,Net 45,Completed,Citra Procurement,Sari Director,2023-08-01,2023-08-16,10000,COA received
PO-2024-079,2023-07-31,PR-2024-273,SUP-006,PT Indo Packaging Solutions,PKG-006,Aluminum Screw Cap 28mm,20000,Unit,936,18720000,11,2059200,20779200,2023-08-05,Warehouse B - Bandung,Net 30,Completed,Ani Procurement,Rudi Manager,2023-08-01,2023-08-05,20000,Delivered on schedule
PO-2024-080,2023-07-31,PR-2024-274,SUP-001,PT Kimia Farma Trading & Distribution,RAW-006,Metformin HCl,10000,KG,73871,738710000,11,81258100,819968100,2023-08-08,Warehouse A - Jakarta,Net 60,Completed,Citra Procurement,Sari Director,2023-08-01,2023-08-08,10000,Slight delay but acceptable quality
PO-2024-081,2023-08-01,PR-2024-278,SUP-005,PT Phapros,RAW-001,Amoxicillin Trihydrate,5000,KG,154906,774530000,11,85198300,859728300,2023-08-22,Warehouse A - Jakarta,Net 30,Completed,Citra Procurement,Sari Director,2023-08-02,2023-08-22,5000,Perfect delivery with documentation
PO-2024-082,2023-08-01,PR-2024-282,SUP-001,PT Kimia Farma Trading & Distribution,RAW-001,Amoxicillin Trihydrate,10000,KG,156688,1566880000,11,172356800,1739236800,2023-08-13,Warehouse A - Jakarta,Net 60,Completed,Ani Procurement,Sari Director,2023-08-02,2023-08-13,10000,Delivery 2 days late
PO-2024-083,2023-08-02,PR-2024-284,SUP-004,PT Kalbe Farma,RAW-003,Ascorbic Acid (Vitamin C),2000,KG,45459,90918000,11,10000980,100918980,2023-08-21,Warehouse A - Jakarta,Net 30,Completed,Budi Procurement,Rudi Manager,2023-08-03,2023-08-21,2000,Delivered on schedule
PO-2024-084,2023-08-02,PR-2024-288,SUP-012,PT Brataco,EXC-001,Povidone K30,1000,KG,62907,62907000,11,6919770,69826770,2023-08-07,Warehouse A - Jakarta,Net 45,Completed,Budi Procurement,Rudi Manager,2023-08-03,2023-08-07,1000,Slight delay but acceptable quality
PO-2024-085,2023-08-03,PR-2024-289,SUP-011,PT Chemical Works Indonesia,EXC-001,Croscarmellose Sodium,1000,KG,130774,130774000,11,14385140,145159140,2023-08-10,Warehouse B - Bandung,Net 45,Completed,Citra Procurement,Rudi Manager,2023-08-04,2023-08-10,1000,Slight delay but acceptable quality
PO-2024-086,2023-08-03,PR-2024-292,SUP-004,PT Kalbe Farma,RAW-002,Paracetamol,5000,KG,90587,452935000,11,49822850,502757850,2023-08-25,Warehouse B - Bandung,Net 30,Completed,Ani Procurement,Sari Director,2023-08-04,2023-08-25,5000,COA received
PO-2024-087,2023-08-04,PR-2024-296,SUP-001,PT Kimia Farma Trading & Distribution,RAW-009,Salbutamol Sulfate,5000,KG,933570,4667850000,11,513463500,5181313500,2023-08-17,Warehouse B - Bandung,Net 60,Completed,Citra Procurement,Sari Director,2023-08-05,2023-08-17,5000,Quality check required retest
PO-2024-088,2023-08-04,PR-2024-297,SUP-001,PT Kimia Farma Trading & Distribution,RAW-002,Paracetamol,8000,KG,89195,713560000,11,78491600,792051600,2023-08-13,Warehouse A - Jakarta,Net 60,Completed,Citra Procurement,Sari Director,2023-08-05,2023-08-13,8000,Slight delay but acceptable quality
PO-2024-089,2023-08-05,PR-2024-301,SUP-003,PT Dexa Medica,RAW-010,Dexamethasone,2000,KG,341310,682620000,11,75088200,757708200,2023-08-10,Warehouse A - Jakarta,Net 45,Completed,Citra Procurement,Sari Director,2023-08-06,2023-08-10,2000,Delivery 2 days late
PO-2024-090,2023-08-05,PR-2024-302,SUP-012,PT Brataco,EXC-001,Povidone K30,1000,KG,63830,63830000,11,7021300,70851300,2023-08-11,Warehouse A - Jakarta,Net 45,Completed,Ani Procurement,Rudi Manager,2023-08-06,2023-08-11,1000,Quality check required retest
PO-2024-091,2023-08-06,PR-2024-303,SUP-007,PT Multi Packaging Indonesia,PKG-004,Glass Vial 10ml,30000,Unit,5144,154320000,11,16975200,171295200,2023-08-26,Warehouse B - Bandung,Net 45,Completed,Ani Procurement,Rudi Manager,2023-08-07,2023-08-26,30000,Delivered on schedule
PO-2024-092,2023-08-07,PR-2024-304,SUP-007,PT Multi Packaging Indonesia,PKG-008,Leaflet (Patient Information),15000,Unit,115,1725000,11,189750,1914750,2023-08-26,Warehouse A - Jakarta,Net 45,Completed,Budi Procurement,Rudi Manager,2023-08-08,2023-08-26,15000,Quality check passed
PO-2024-093,2023-08-07,PR-2024-306,SUP-009,PT Prima Pack Indonesia,PKG-006,Aluminum Screw Cap 28mm,20000,Unit,938,18760000,11,2063600,20823600,2023-08-13,Warehouse A - Jakarta,Net 45,Completed,Ani Procurement,Rudi Manager,2023-08-08,2023-08-13,20000,Delivery 2 days late
PO-2024-094,2023-08-07,PR-2024-307,SUP-004,PT Kalbe Farma,RAW-004,Ibuprofen,8000,KG,211042,1688336000,11,185716960,1874052960,2023-08-28,Warehouse B - Bandung,Net 30,Completed,Budi Procurement,Sari Director,2023-08-08,2023-08-28,8000,Delivered on schedule
PO-2024-095,2023-08-08,PR-2024-311,SUP-011,PT Chemical Works Indonesia,EXC-001,Povidone K30,2000,KG,60786,121572000,11,13372920,134944920,2023-08-18,Warehouse B - Bandung,Net 45,Completed,Citra Procurement,Rudi Manager,2023-08-09,2023-08-18,2000,Delivery 2 days late
PO-2024-096,2023-08-08,PR-2024-312,SUP-002,PT Indofarma Global Medika,RAW-009,Salbutamol Sulfate,8000,KG,880855,7046840000,11,775152400,7821992400,2023-08-14,Warehouse B - Bandung,Net 60,Completed,Ani Procurement,Sari Director,2023-08-09,2023-08-14,8000,Delivery 2 days late
PO-2024-097,2023-08-08,PR-2024-315,SUP-005,PT Phapros,RAW-001,Amoxicillin Trihydrate,8000,KG,156043,1248344000,11,137317840,1385661840,2023-08-31,Warehouse B - Bandung,Net 30,Completed,Ani Procurement,Sari Director,2023-08-09,2023-08-31,8000,Early delivery - good quality
PO-2024-098,2023-08-09,PR-2024-316,SUP-010,PT Pharma Excipient Supply,EXC-001,Microcrystalline Cellulose (Avicel PH102),3000,KG,24194,72582000,11,7984020,80566020,2023-08-16,Warehouse A - Jakarta,Net 60,Completed,Ani Procurement,Rudi Manager,2023-08-10,2023-08-16,2895,Delivery 2 days late
PO-2024-099,2023-08-09,PR-2024-318,SUP-010,PT Pharma Excipient Supply,EXC-001,Povidone K30,2000,KG,61750,123500000,11,13585000,137085000,2023-08-18,Warehouse B - Bandung,Net 60,Completed,Budi Procurement,Rudi Manager,2023-08-10,2023-08-18,2000,Delivery 2 days late
PO-2024-100,2023-08-10,PR-2024-321,SUP-012,PT Brataco,EXC-001,Starch (Pregelatinized),3000,KG,18053,54159000,11,5957490,60116490,2023-08-18,Warehouse A - Jakarta,Net 45,Completed,Citra Procurement,Rudi Manager,2023-08-11,2023-08-18,3000,Slight delay but acceptable quality
PO-2024-101,2023-08-11,PR-2024-325,SUP-008,PT Global Pack Industries,PKG-006,Aluminum Screw Cap 28mm,10000,Unit,926,9260000,11,1018600,10278600,2023-08-22,Warehouse A - Jakarta,Net 45,Completed,Citra Procurement,Rudi Manager,2023-08-12,2023-08-22,10000,Quality check required retest
PO-2024-102,2023-08-11,PR-2024-327,SUP-008,PT Global Pack Industries,PKG-006,Aluminum Screw Cap 28mm,10000,Unit,940,9400000,11,1034000,10434000,2023-08-19,Warehouse A - Jakarta,Net 45,Completed,Citra Procurement,Rudi Manager,2023-08-12,2023-08-19,10000,Slight delay but acceptable quality
PO-2024-103,2023-08-12,PR-2024-331,SUP-010,PT Pharma Excipient Supply,EXC-001,Magnesium Stearate,5000,KG,36581,182905000,11,20119550,203024550,2023-08-21,Warehouse B - Bandung,Net 60,Completed,Ani Procurement,Rudi Manager,2023-08-13,2023-08-21,5000,Slight delay but acceptable quality
PO-2024-104,2023-08-12,PR-2024-333,SUP-009,PT Prima Pack Indonesia,PKG-001,PVC/PVDC Blister Pack 10x10,30000,Unit,513,15390000,11,1692900,17082900,2023-08-17,Warehouse B - Bandung,Net 45,Completed,Citra Procurement,Rudi Manager,2023-08-13,2023-08-17,30000,Slight delay but acceptable quality
PO-2024-105,2023-08-12,PR-2024-335,SUP-005,PT Phapros,RAW-010,Dexamethasone,5000,KG,350255,1751275000,11,192640250,1943915250,2023-09-05,Warehouse B - Bandung,Net 30,Completed,Citra Procurement,Sari Director,2023-08-13,2023-09-05,5000,Perfect delivery with documentation
PO-2024-106,2023-08-13,PR-2024-336,SUP-006,PT Indo Packaging Solutions,PKG-001,PVC/PVDC Blister Pack 10x10,15000,Unit,509,7635000,11,839850,8474850,2023-08-23,Warehouse B - Bandung,Net 30,Completed,Ani Procurement,Rudi Manager,2023-08-14,2023-08-23,15000,COA received
PO-2024-107,2023-08-14,PR-2024-339,SUP-010,PT Pharma Excipient Supply,EXC-001,Lactose Monohydrate,5000,KG,21340,106700000,11,11737000,118437000,2023-08-20,Warehouse A - Jakarta,Net 60,Completed,Budi Procurement,Rudi Manager,2023-08-15,2023-08-20,5000,Delivery 2 days late
PO-2024-108,2023-08-14,PR-2024-342,SUP-011,PT Chemical Works Indonesia,EXC-001,Colloidal Silicon Dioxide,1000,KG,197633,197633000,11,21739630,219372630,2023-08-21,Warehouse A - Jakarta,Net 45,Completed,Ani Procurement,Rudi Manager,2023-08-15,2023-08-21,1000,Quality check required retest
PO-2024-109,2023-08-14,PR-2024-345,SUP-003,PT Dexa Medica,RAW-003,Ascorbic Acid (Vitamin C),2000,KG,44381,88762000,11,9763820,98525820,2023-08-24,Warehouse B - Bandung,Net 45,Completed,Budi Procurement,Rudi Manager,2023-08-15,2023-08-24,1921,Quality check required retest
PO-2024-110,2023-08-15,PR-2024-348,SUP-009,PT Prima Pack Indonesia,PKG-007,Desiccant Silica Gel 1g,25000,Unit,201,5025000,11,552750,5577750,2023-08-25,Warehouse A - Jakarta,Net 45,Completed,Citra Procurement,Rudi Manager,2023-08-16,2023-08-25,25000,Slight delay but acceptable quality
PO-2024-111,2023-08-15,PR-2024-352,SUP-007,PT Multi Packaging Indonesia,PKG-007,Desiccant Silica Gel 1g,30000,Unit,193,5790000,11,636900,6426900,2023-09-01,Warehouse B - Bandung,Net 45,Completed,Ani Procurement,Rudi Manager,2023-08-16,2023-09-01,30000,Delivered on schedule
PO-2024-112,2023-08-16,PR-2024-355,SUP-005,PT Phapros,RAW-005,Cetirizine HCl,5000,KG,2981873,14909365000,11,1640030150,16549395150,2023-09-08,Warehouse B - Bandung,Net 30,Completed,Ani Procurement,Sari Director,2023-08-17,2023-09-08,5000,On-time delivery with COA
PO-2024-113,2023-08-17,PR-2024-357,SUP-005,PT Phapros,RAW-006,Metformin HCl,8000,KG,76140,609120000,11,67003200,676123200,2023-09-06,Warehouse A - Jakarta,Net 30,Completed,Budi Procurement,Sari Director,2023-08-18,2023-09-06,8000,Early delivery - good quality
PO-2024-114,2023-08-18,PR-2024-361,SUP-010,PT Pharma Excipient Supply,EXC-001,Talcum Powder,2000,KG,14562,29124000,11,3203640,32327640,2023-08-25,Warehouse B - Bandung,Net 60,Completed,Budi Procurement,Rudi Manager,2023-08-19,2023-08-25,2000,Delivery 2 days late
PO-2024-115,2023-08-19,PR-2024-362,SUP-011,PT Chemical Works Indonesia,EXC-001,Croscarmellose Sodium,5000,KG,133172,665860000,11,73244600,739104600,2023-08-26,Warehouse A - Jakarta,Net 45,Completed,Citra Procurement,Sari Director,2023-08-20,2023-08-26,5000,Quality check required retest
PO-2024-116,2023-08-20,PR-2024-363,SUP-009,PT Prima Pack Indonesia,PKG-008,Leaflet (Patient Information),20000,Unit,113,2260000,11,248600,2508600,2023-08-30,Warehouse B - Bandung,Net 45,Completed,Budi Procurement,Rudi Manager,2023-08-21,2023-08-30,20000,Delivery 2 days late
PO-2024-117,2023-08-21,PR-2024-367,SUP-006,PT Indo Packaging Solutions,PKG-006,Aluminum Screw Cap 28mm,30000,Unit,866,25980000,11,2857800,28837800,2023-08-27,Warehouse A - Jakarta,Net 30,Completed,Ani Procurement,Rudi Manager,2023-08-22,2023-08-27,30000,Delivered on schedule
PO-2024-118,2023-08-21,PR-2024-368,SUP-012,PT Brataco,EXC-001,Croscarmellose Sodium,5000,KG,132837,664185000,11,73060350,737245350,2023-08-26,Warehouse A - Jakarta,Net 45,Completed,Budi Procurement,Sari Director,2023-08-22,2023-08-26,5000,Delivery 2 days late
PO-2024-119,2023-08-22,PR-2024-369,SUP-008,PT Global Pack Industries,PKG-007,Desiccant Silica Gel 1g,15000,Unit,196,2940000,11,323400,3263400,2023-09-03,Warehouse A - Jakarta,Net 45,Completed,Citra Procurement,Rudi Manager,2023-08-23,2023-09-03,15000,Slight delay but acceptable quality
PO-2024-120,2023-08-22,PR-2024-370,SUP-001,PT Kimia Farma Trading & Distribution,RAW-010,Dexamethasone,8000,KG,367405,2939240000,11,323316400,3262556400,2023-08-30,Warehouse A - Jakarta,Net 60,Completed,Citra Procurement,Sari Director,2023-08-23,2023-08-30,8000,Delivery 2 days late
PO-2024-121,2023-08-22,PR-2024-372,SUP-005,PT Phapros,RAW-007,Omeprazole,2000,KG,2078802,4157604000,11,457336440,4614940440,2023-09-12,Warehouse A - Jakarta,Net 30,Completed,Citra Procurement,Sari Director,2023-08-23,2023-09-12,2000,On-time delivery with COA
PO-2024-122,2023-08-22,PR-2024-374,SUP-004,PT Kalbe Farma,RAW-005,Cetirizine HCl,3000,KG,2889941,8669823000,11,953680530,9623503530,2023-09-11,Warehouse A - Jakarta,Net 30,Completed,Ani Procurement,Sari Director,2023-08-23,2023-09-11,3000,Quality check passed
PO-2024-123,2023-08-23,PR-2024-375,SUP-003,PT Dexa Medica,RAW-005,Cetirizine HCl,2000,KG,3078183,6156366000,11,677200260,6833566260,2023-08-31,Warehouse A - Jakarta,Net 45,Completed,Citra Procurement,Sari Director,2023-08-24,2023-08-31,2000,Slight delay but acceptable quality
PO-2024-124,2023-08-23,PR-2024-378,SUP-012,PT Brataco,EXC-001,Croscarmellose Sodium,5000,KG,136452,682260000,11,75048600,757308600,2023-08-31,Warehouse B - Bandung,Net 45,Completed,Citra Procurement,Sari Director,2023-08-24,2023-08-31,5000,Quality check required retest
PO-2024-125,2023-08-23,PR-2024-381,SUP-009,PT Prima Pack Indonesia,PKG-006,Aluminum Screw Cap 28mm,10000,Unit,861,8610000,11,947100,9557100,2023-08-29,Warehouse A - Jakarta,Net 45,Completed,Citra Procurement,Rudi Manager,2023-08-24,2023-08-29,10000,Slight delay but acceptable quality
PO-2024-126,2023-08-23,PR-2024-385,SUP-010,PT Pharma Excipient Supply,EXC-001,Talcum Powder,5000,KG,15207,76035000,11,8363850,84398850,2023-09-02,Warehouse A - Jakarta,Net 60,Completed,Budi Procurement,Rudi Manager,2023-08-24,2023-09-02,5000,Delivery 2 days late
PO-2024-127,2023-08-24,PR-2024-386,SUP-007,PT Multi Packaging Indonesia,PKG-002,Aluminum Foil Strip (Cold Form),25000,Roll,130290,3257250000,11,358297500,3615547500,2023-09-13,Warehouse B - Bandung,Net 45,Completed,Citra Procurement,Sari Director,2023-08-25,2023-09-13,25000,Delivered on schedule
PO-2024-128,2023-08-24,PR-2024-389,SUP-007,PT Multi Packaging Indonesia,PKG-003,HDPE Bottle 100ml,30000,Unit,3067,92010000,11,10121100,102131100,2023-09-12,Warehouse B - Bandung,Net 45,Completed,Budi Procurement,Rudi Manager,2023-08-25,2023-09-12,30000,COA received
PO-2024-129,2023-08-25,PR-2024-392,SUP-007,PT Multi Packaging Indonesia,PKG-004,Glass Vial 10ml,25000,Unit,5061,126525000,11,13917750,140442750,2023-09-14,Warehouse B - Bandung,Net 45,Completed,Budi Procurement,Rudi Manager,2023-08-26,2023-09-14,25000,Delivered on schedule
PO-2024-130,2023-08-25,PR-2024-396,SUP-002,PT Indofarma Global Medika,RAW-009,Salbutamol Sulfate,2000,KG,934632,1869264000,11,205619040,2074883040,2023-08-31,Warehouse A - Jakarta,Net 60,Completed,Budi Procurement,Sari Director,2023-08-26,2023-08-31,2000,Slight delay but acceptable quality
PO-2024-131,2023-08-25,PR-2024-399,SUP-008,PT Global Pack Industries,PKG-003,HDPE Bottle 100ml,30000,Unit,2890,86700000,11,9537000,96237000,2023-09-04,Warehouse B - Bandung,Net 45,Completed,Ani Procurement,Rudi Manager,2023-08-26,2023-09-04,30000,Delivery 2 days late
PO-2024-132,2023-08-26,PR-2024-400,SUP-002,PT Indofarma Global Medika,RAW-005,Cetirizine HCl,10000,KG,3003986,30039860000,11,3304384600,33344244600,2023-09-02,Warehouse A - Jakarta,Net 60,Completed,Budi Procurement,Sari Director,2023-08-27,2023-09-02,10000,Slight delay but acceptable quality
PO-2024-133,2023-08-26,PR-2024-404,SUP-001,PT Kimia Farma Trading & Distribution,RAW-003,Ascorbic Acid (Vitamin C),5000,KG,43938,219690000,11,24165900,243855900,2023-09-06,Warehouse A - Jakarta,Net 60,Completed,Ani Procurement,Rudi Manager,2023-08-27,2023-09-06,5000,Quality check required retest
PO-2024-134,2023-08-26,PR-2024-408,SUP-011,PT Chemical Works Indonesia,EXC-001,Colloidal Silicon Dioxide,5000,KG,193230,966150000,11,106276500,1072426500,2023-09-05,Warehouse B - Bandung,Net 45,Completed,Citra Procurement,Sari Director,2023-08-27,2023-09-05,5000,Quality check required retest
PO-2024-135,2023-08-26,PR-2024-411,SUP-005,PT Phapros,RAW-010,Dexamethasone,3000,KG,343133,1029399000,11,113233890,1142632890,2023-09-15,Warehouse A - Jakarta,Net 30,Completed,Citra Procurement,Sari Director,2023-08-27,2023-09-15,3000,Early delivery - good quality
PO-2024-136,2023-08-27,PR-2024-414,SUP-010,PT Pharma Excipient Supply,EXC-001,Croscarmellose Sodium,3000,KG,134601,403803000,11,44418330,448221330,2023-09-06,Warehouse A - Jakarta,Net 60,Completed,Citra Procurement,Rudi Manager,2023-08-28,2023-09-06,3000,Delivery 2 days late
PO-2024-137,2023-08-27,PR-2024-415,SUP-003,PT Dexa Medica,RAW-007,Omeprazole,3000,KG,2021977,6065931000,11,667252410,6733183410,2023-09-05,Warehouse A - Jakarta,Net 45,Completed,Budi Procurement,Sari Director,2023-08-28,2023-09-05,3000,Quality check required retest
PO-2024-138,2023-08-27,PR-2024-417,SUP-001,PT Kimia Farma Trading & Distribution,RAW-010,Dexamethasone,10000,KG,356847,3568470000,11,392531700,3961001700,2023-09-04,Warehouse B - Bandung,Net 60,Completed,Budi Procurement,Sari Director,2023-08-28,2023-09-04,10000,Quality check required retest
PO-2024-139,2023-08-27,PR-2024-418,SUP-001,PT Kimia Farma Trading & Distribution,RAW-003,Ascorbic Acid (Vitamin C),8000,KG,45872,366976000,11,40367360,407343360,2023-09-08,Warehouse B - Bandung,Net 60,Completed,Ani Procurement,Rudi Manager,2023-08-28,2023-09-08,8000,Delivery 2 days late
PO-2024-140,2023-08-27,PR-2024-419,SUP-007,PT Multi Packaging Indonesia,PKG-004,Glass Vial 10ml,25000,Unit,4875,121875000,11,13406250,135281250,2023-09-17,Warehouse B - Bandung,Net 45,Completed,Ani Procurement,Rudi Manager,2023-08-28,2023-09-17,25000,Quality check passed
PO-2024-141,2023-08-28,PR-2024-422,SUP-001,PT Kimia Farma Trading & Distribution,RAW-006,Metformin HCl,2000,KG,69987,139974000,11,15397140,155371140,2023-09-05,Warehouse A - Jakarta,Net 60,Completed,Citra Procurement,Rudi Manager,2023-08-29,2023-09-05,1924,Delivery 2 days late
PO-2024-142,2023-08-28,PR-2024-424,SUP-011,PT Chemical Works Indonesia,EXC-001,Microcrystalline Cellulose (Avicel PH102),2000,KG,25923,51846000,11,5703060,57549060,2023-09-03,Warehouse A - Jakarta,Net 45,Completed,Budi Procurement,Rudi Manager,2023-08-29,2023-09-03,2000,Quality check required retest
PO-2024-143,2023-08-29,PR-2024-425,SUP-006,PT Indo Packaging Solutions,PKG-008,Leaflet (Patient Information),10000,Unit,109,1090000,11,119900,1209900,2023-09-03,Warehouse A - Jakarta,Net 30,Completed,Budi Procurement,Rudi Manager,2023-08-30,2023-09-03,10000,COA received
PO-2024-144,2023-08-29,PR-2024-429,SUP-012,PT Brataco,EXC-001,Talcum Powder,1000,KG,14670,14670000,11,1613700,16283700,2023-09-07,Warehouse A - Jakarta,Net 45,Completed,Citra Procurement,Rudi Manager,2023-08-30,2023-09-07,1000,Delivery 2 days late
PO-2024-145,2023-08-30,PR-2024-431,SUP-005,PT Phapros,RAW-004,Ibuprofen,2000,KG,202100,404200000,11,44462000,448662000,2023-09-19,Warehouse A - Jakarta,Net 30,Completed,Budi Procurement,Rudi Manager,2023-08-31,2023-09-19,2000,Early delivery - good quality
PO-2024-146,2023-08-30,PR-2024-433,SUP-004,PT Kalbe Farma,RAW-002,Paracetamol,8000,KG,87082,696656000,11,76632160,773288160,2023-09-19,Warehouse A - Jakarta,Net 30,Completed,Ani Procurement,Sari Director,2023-08-31,2023-09-19,8000,Delivered on schedule
PO-2024-147,2023-08-30,PR-2024-434,SUP-007,PT Multi Packaging Indonesia,PKG-004,Glass Vial 10ml,15000,Unit,5015,75225000,11,8274750,83499750,2023-09-15,Warehouse B - Bandung,Net 45,Completed,Citra Procurement,Rudi Manager,2023-08-31,2023-09-15,15000,COA received
PO-2024-148,2023-08-30,PR-2024-436,SUP-012,PT Brataco,EXC-001,Povidone K30,2000,KG,64513,129026000,11,14192860,143218860,2023-09-04,Warehouse A - Jakarta,Net 45,Completed,Budi Procurement,Rudi Manager,2023-08-31,2023-09-04,2000,Slight delay but acceptable quality
PO-2024-149,2023-08-31,PR-2024-439,SUP-003,PT Dexa Medica,RAW-009,Salbutamol Sulfate,5000,KG,887929,4439645000,11,488360950,4928005950,2023-09-08,Warehouse A - Jakarta,Net 45,Completed,Budi Procurement,Sari Director,2023-09-01,2023-09-08,5000,Delivery 2 days late
PO-2024-150,2023-08-31,PR-2024-441,SUP-005,PT Phapros,RAW-010,Dexamethasone,10000,KG,349941,3499410000,11,384935100,3884345100,2023-09-24,Warehouse B - Bandung,Net 30,Completed,Ani Procurement,Sari Director,2023-09-01,2023-09-24,10000,Early delivery - good quality
PO-2024-151,2023-08-31,PR-2024-442,SUP-007,PT Multi Packaging Indonesia,PKG-005,Corrugated Carton Box (Master),15000,Unit,3358,50370000,11,5540700,55910700,2023-09-16,Warehouse A - Jakarta,Net 45,Completed,Ani Procurement,Rudi Manager,2023-09-01,2023-09-16,15000,COA received
PO-2024-152,2023-08-31,PR-2024-443,SUP-003,PT Dexa Medica,RAW-008,Ciprofloxacin,5000,KG,461583,2307915000,11,253870650,2561785650,2023-09-07,Warehouse B - Bandung,Net 45,Completed,Ani Procurement,Sari Director,2023-09-01,2023-09-07,5000,Slight delay but acceptable quality
PO-2024-153,2023-09-01,PR-2024-444,SUP-002,PT Indofarma Global Medika,RAW-007,Omeprazole,5000,KG,1901451,9507255000,11,1045798050,10553053050,2023-09-07,Warehouse B - Bandung,Net 60,Completed,Ani Procurement,Sari Director,2023-09-02,2023-09-07,5000,Slight delay but acceptable quality
PO-2024-154,2023-09-01,PR-2024-446,SUP-003,PT Dexa Medica,RAW-002,Paracetamol,10000,KG,84935,849350000,11,93428500,942778500,2023-09-11,Warehouse B - Bandung,Net 45,Completed,Budi Procurement,Sari Director,2023-09-02,2023-09-11,10000,Slight delay but acceptable quality
PO-2024-155,2023-09-02,PR-2024-448,SUP-009,PT Prima Pack Indonesia,PKG-008,Leaflet (Patient Information),30000,Unit,104,3120000,11,343200,3463200,2023-09-12,Warehouse A - Jakarta,Net 45,Completed,Budi Procurement,Rudi Manager,2023-09-03,2023-09-12,30000,Slight delay but acceptable quality
PO-2024-156,2023-09-03,PR-2024-450,SUP-011,PT Chemical Works Indonesia,EXC-001,Croscarmellose Sodium,3000,KG,141374,424122000,11,46653420,470775420,2023-09-09,Warehouse B - Bandung,Net 45,Completed,Budi Procurement,Rudi Manager,2023-09-04,2023-09-09,3000,Quality check required retest
PO-2024-157,2023-09-03,PR-2024-454,SUP-006,PT Indo Packaging Solutions,PKG-006,Aluminum Screw Cap 28mm,10000,Unit,896,8960000,11,985600,9945600,2023-09-12,Warehouse B - Bandung,Net 30,Completed,Budi Procurement,Rudi Manager,2023-09-04,2023-09-12,10000,Delivered on schedule
PO-2024-158,2023-09-03,PR-2024-457,SUP-009,PT Prima Pack Indonesia,PKG-001,PVC/PVDC Blister Pack 10x10,10000,Unit,522,5220000,11,574200,5794200,2023-09-09,Warehouse A - Jakarta,Net 45,Completed,Budi Procurement,Rudi Manager,2023-09-04,2023-09-09,10000,Delivery 2 days late
PO-2024-159,2023-09-04,PR-2024-459,SUP-011,PT Chemical Works Indonesia,EXC-001,Povidone K30,2000,KG,60338,120676000,11,13274360,133950360,2023-09-09,Warehouse B - Bandung,Net 45,Completed,Ani Procurement,Rudi Manager,2023-09-05,2023-09-09,2000,Quality check required retest
PO-2024-160,2023-09-04,PR-2024-463,SUP-011,PT Chemical Works Indonesia,EXC-001,Lactose Monohydrate,2000,KG,20294,40588000,11,4464680,45052680,2023-09-13,Warehouse A - Jakarta,Net 45,Completed,Citra Procurement,Rudi Manager,2023-09-05,2023-09-13,2000,Slight delay but acceptable quality
PO-2024-161,2023-09-05,PR-2024-467,SUP-004,PT Kalbe Farma,RAW-003,Ascorbic Acid (Vitamin C),5000,KG,43330,216650000,11,23831500,240481500,2023-09-28,Warehouse A - Jakarta,Net 30,Completed,Ani Procurement,Rudi Manager,2023-09-06,2023-09-28,5000,Quality check passed
PO-2024-162,2023-09-05,PR-2024-471,SUP-012,PT Brataco,EXC-001,Microcrystalline Cellulose (Avicel PH102),5000,KG,24255,121275000,11,13340250,134615250,2023-09-13,Warehouse B - Bandung,Net 45,Completed,Ani Procurement,Rudi Manager,2023-09-06,2023-09-13,5000,Quality check required retest
PO-2024-163,2023-09-06,PR-2024-475,SUP-005,PT Phapros,RAW-008,Ciprofloxacin,3000,KG,447137,1341411000,11,147555210,1488966210,2023-09-27,Warehouse B - Bandung,Net 30,Completed,Budi Procurement,Sari Director,2023-09-07,2023-09-27,3000,Perfect delivery with documentation
PO-2024-164,2023-09-07,PR-2024-478,SUP-005,PT Phapros,RAW-007,Omeprazole,10000,KG,1965942,19659420000,11,2162536200,21821956200,2023-10-01,Warehouse A - Jakarta,Net 30,Completed,Citra Procurement,Sari Director,2023-09-08,2023-10-01,10000,On-time delivery with COA
PO-2024-165,2023-09-07,PR-2024-482,SUP-001,PT Kimia Farma Trading & Distribution,RAW-005,Cetirizine HCl,3000,KG,2956589,8869767000,11,975674370,9845441370,2023-09-20,Warehouse B - Bandung,Net 60,Completed,Ani Procurement,Sari Director,2023-09-08,2023-09-20,2957,Slight delay but acceptable quality
PO-2024-166,2023-09-07,PR-2024-485,SUP-011,PT Chemical Works Indonesia,EXC-001,Magnesium Stearate,2000,KG,33669,67338000,11,7407180,74745180,2023-09-13,Warehouse A - Jakarta,Net 45,Completed,Citra Procurement,Rudi Manager,2023-09-08,2023-09-13,2000,Quality check required retest
PO-2024-167,2023-09-08,PR-2024-488,SUP-007,PT Multi Packaging Indonesia,PKG-004,Glass Vial 10ml,20000,Unit,5156,103120000,11,11343200,114463200,2023-09-24,Warehouse B - Bandung,Net 45,Completed,Citra Procurement,Rudi Manager,2023-09-09,2023-09-24,20000,Quality check passed
PO-2024-168,2023-09-09,PR-2024-492,SUP-010,PT Pharma Excipient Supply,EXC-001,Magnesium Stearate,3000,KG,34593,103779000,11,11415690,115194690,2023-09-17,Warehouse B - Bandung,Net 60,Completed,Ani Procurement,Rudi Manager,2023-09-10,2023-09-17,3000,Slight delay but acceptable quality
PO-2024-169,2023-09-09,PR-2024-494,SUP-011,PT Chemical Works Indonesia,EXC-001,Starch (Pregelatinized),1000,KG,17713,17713000,11,1948430,19661430,2023-09-17,Warehouse B - Bandung,Net 45,Completed,Ani Procurement,Rudi Manager,2023-09-10,2023-09-17,1000,Quality check required retest
PO-2024-170,2023-09-09,PR-2024-498,SUP-009,PT Prima Pack Indonesia,PKG-003,HDPE Bottle 100ml,10000,Unit,2919,29190000,11,3210900,32400900,2023-09-17,Warehouse A - Jakarta,Net 45,Completed,Citra Procurement,Rudi Manager,2023-09-10,2023-09-17,10000,Slight delay but acceptable quality
PO-2024-171,2023-09-10,PR-2024-499,SUP-011,PT Chemical Works Indonesia,EXC-001,Lactose Monohydrate,2000,KG,20480,40960000,11,4505600,45465600,2023-09-20,Warehouse B - Bandung,Net 45,Completed,Budi Procurement,Rudi Manager,2023-09-11,2023-09-20,2000,Quality check required retest
PO-2024-172,2023-09-10,PR-2024-500,SUP-008,PT Global Pack Industries,PKG-008,Leaflet (Patient Information),25000,Unit,107,2675000,11,294250,2969250,2023-09-22,Warehouse B - Bandung,Net 45,Completed,Ani Procurement,Rudi Manager,2023-09-11,2023-09-22,25000,Quality check required retest
PO-2024-173,2023-09-11,PR-2024-504,SUP-007,PT Multi Packaging Indonesia,PKG-008,Leaflet (Patient Information),25000,Unit,113,2825000,11,310750,3135750,2023-09-29,Warehouse A - Jakarta,Net 45,Completed,Budi Procurement,Rudi Manager,2023-09-12,2023-09-29,25000,Delivered on schedule
PO-2024-174,2023-09-12,PR-2024-505,SUP-011,PT Chemical Works Indonesia,EXC-001,Starch (Pregelatinized),3000,KG,18146,54438000,11,5988180,60426180,2023-09-20,Warehouse B - Bandung,Net 45,Completed,Budi Procurement,Rudi Manager,2023-09-13,2023-09-20,3000,Quality check required retest
PO-2024-175,2023-09-12,PR-2024-509,SUP-005,PT Phapros,RAW-004,Ibuprofen,10000,KG,211912,2119120000,11,233103200,2352223200,2023-10-01,Warehouse A - Jakarta,Net 30,Completed,Budi Procurement,Sari Director,2023-09-13,2023-10-01,10000,Perfect delivery with documentation
PO-2024-176,2023-09-12,PR-2024-511,SUP-010,PT Pharma Excipient Supply,EXC-001,Starch (Pregelatinized),3000,KG,18545,55635000,11,6119850,61754850,2023-09-18,Warehouse A - Jakarta,Net 60,Completed,Ani Procurement,Rudi Manager,2023-09-13,2023-09-18,3000,Slight delay but acceptable quality
PO-2024-177,2023-09-13,PR-2024-514,SUP-010,PT Pharma Excipient Supply,EXC-001,Magnesium Stearate,3000,KG,33821,101463000,11,11160930,112623930,2023-09-21,Warehouse A - Jakarta,Net 60,Completed,Budi Procurement,Rudi Manager,2023-09-14,2023-09-21,3000,Slight delay but acceptable quality
PO-2024-178,2023-09-13,PR-2024-515,SUP-007,PT Multi Packaging Indonesia,PKG-004,Glass Vial 10ml,25000,Unit,5018,125450000,11,13799500,139249500,2023-10-02,Warehouse B - Bandung,Net 45,Completed,Citra Procurement,Rudi Manager,2023-09-14,2023-10-02,24316,COA received
PO-2024-179,2023-09-14,PR-2024-518,SUP-005,PT Phapros,RAW-007,Omeprazole,2000,KG,1938708,3877416000,11,426515760,4303931760,2023-10-08,Warehouse A - Jakarta,Net 30,Completed,Citra Procurement,Sari Director,2023-09-15,2023-10-08,2000,Early delivery - good quality
PO-2024-180,2023-09-15,PR-2024-519,SUP-007,PT Multi Packaging Indonesia,PKG-004,Glass Vial 10ml,30000,Unit,4890,146700000,11,16137000,162837000,2023-10-02,Warehouse A - Jakarta,Net 45,Completed,Budi Procurement,Rudi Manager,2023-09-16,2023-10-02,30000,COA received
PO-2024-181,2023-09-16,PR-2024-520,SUP-011,PT Chemical Works Indonesia,EXC-001,Microcrystalline Cellulose (Avicel PH102),3000,KG,24765,74295000,11,8172450,82467450,2023-09-21,Warehouse B - Bandung,Net 45,Completed,Ani Procurement,Rudi Manager,2023-09-17,2023-09-21,3000,Quality check required retest
PO-2024-182,2023-09-17,PR-2024-521,SUP-007,PT Multi Packaging Indonesia,PKG-003,HDPE Bottle 100ml,30000,Unit,3077,92310000,11,10154100,102464100,2023-10-08,Warehouse A - Jakarta,Net 45,Completed,Ani Procurement,Rudi Manager,2023-09-18,2023-10-08,30000,Quality check passed
PO-2024-183,2023-09-18,PR-2024-525,SUP-007,PT Multi Packaging Indonesia,PKG-007,Desiccant Silica Gel 1g,20000,Unit,194,3880000,11,426800,4306800,2023-10-08,Warehouse B - Bandung,Net 45,Completed,Ani Procurement,Rudi Manager,2023-09-19,2023-10-08,20000,Delivered on schedule
PO-2024-184,2023-09-19,PR-2024-529,SUP-011,PT Chemical Works Indonesia,EXC-001,Magnesium Stearate,1000,KG,35382,35382000,11,3892020,39274020,2023-09-29,Warehouse B - Bandung,Net 45,Completed,Citra Procurement,Rudi Manager,2023-09-20,2023-09-29,1000,Delivery 2 days late
PO-2024-185,2023-09-20,PR-2024-533,SUP-006,PT Indo Packaging Solutions,PKG-001,PVC/PVDC Blister Pack 10x10,25000,Unit,487,12175000,11,1339250,13514250,2023-09-28,Warehouse A - Jakarta,Net 30,Completed,Budi Procurement,Rudi Manager,2023-09-21,2023-09-28,25000,Delivered on schedule
PO-2024-186,2023-09-20,PR-2024-536,SUP-012,PT Brataco,EXC-001,Croscarmellose Sodium,1000,KG,129078,129078000,11,14198580,143276580,2023-09-26,Warehouse A - Jakarta,Net 45,Completed,Budi Procurement,Rudi Manager,2023-09-21,2023-09-26,1000,Delivery 2 days late
PO-2024-187,2023-09-20,PR-2024-539,SUP-002,PT Indofarma Global Medika,RAW-006,Metformin HCl,8000,KG,76115,608920000,11,66981200,675901200,2023-09-25,Warehouse B - Bandung,Net 60,Completed,Citra Procurement,Sari Director,2023-09-21,2023-09-25,8000,Slight delay but acceptable quality
PO-2024-188,2023-09-21,PR-2024-543,SUP-005,PT Phapros,RAW-005,Cetirizine HCl,10000,KG,3116809,31168090000,11,3428489900,34596579900,2023-10-12,Warehouse B - Bandung,Net 30,Completed,Budi Procurement,Sari Director,2023-09-22,2023-10-12,10000,Early delivery - good quality
PO-2024-189,2023-09-21,PR-2024-546,SUP-006,PT Indo Packaging Solutions,PKG-003,HDPE Bottle 100ml,15000,Unit,2901,43515000,11,4786650,48301650,2023-10-01,Warehouse B - Bandung,Net 30,Completed,Ani Procurement,Rudi Manager,2023-09-22,2023-10-01,15000,Quality check passed
PO-2024-190,2023-09-21,PR-2024-548,SUP-007,PT Multi Packaging Indonesia,PKG-003,HDPE Bottle 100ml,20000,Unit,2980,59600000,11,6556000,66156000,2023-10-11,Warehouse A - Jakarta,Net 45,Completed,Budi Procurement,Rudi Manager,2023-09-22,2023-10-11,20000,Delivered on schedule
PO-2024-191,2023-09-21,PR-2024-552,SUP-007,PT Multi Packaging Indonesia,PKG-002,Aluminum Foil Strip (Cold Form),25000,Roll,119311,2982775000,11,328105250,3310880250,2023-10-08,Warehouse A - Jakarta,Net 45,Completed,Ani Procurement,Sari Director,2023-09-22,2023-10-08,25000,Delivered on schedule
PO-2024-192,2023-09-21,PR-2024-553,SUP-005,PT Phapros,RAW-001,Amoxicillin Trihydrate,2000,KG,152887,305774000,11,33635140,339409140,2023-10-15,Warehouse B - Bandung,Net 30,Completed,Citra Procurement,Rudi Manager,2023-09-22,2023-10-15,2000,Perfect delivery with documentation
PO-2024-193,2023-09-22,PR-2024-557,SUP-010,PT Pharma Excipient Supply,EXC-001,Lactose Monohydrate,3000,KG,21120,63360000,11,6969600,70329600,2023-09-30,Warehouse B - Bandung,Net 60,Completed,Budi Procurement,Rudi Manager,2023-09-23,2023-09-30,3000,Slight delay but acceptable quality
PO-2024-194,2023-09-22,PR-2024-558,SUP-005,PT Phapros,RAW-003,Ascorbic Acid (Vitamin C),3000,KG,43142,129426000,11,14236860,143662860,2023-10-14,Warehouse B - Bandung,Net 30,Completed,Budi Procurement,Rudi Manager,2023-09-23,2023-10-14,3000,On-time delivery with COA
PO-2024-195,2023-09-22,PR-2024-559,SUP-012,PT Brataco,EXC-001,Povidone K30,5000,KG,60219,301095000,11,33120450,334215450,2023-10-01,Warehouse A - Jakarta,Net 45,Completed,Ani Procurement,Rudi Manager,2023-09-23,2023-10-01,5000,Slight delay but acceptable quality
PO-2024-196,2023-09-22,PR-2024-563,SUP-004,PT Kalbe Farma,RAW-004,Ibuprofen,5000,KG,202022,1010110000,11,111112100,1121222100,2023-10-15,Warehouse B - Bandung,Net 30,Completed,Ani Procurement,Sari Director,2023-09-23,2023-10-15,5000,Quality check passed
PO-2024-197,2023-09-23,PR-2024-564,SUP-010,PT Pharma Excipient Supply,EXC-001,Povidone K30,1000,KG,64519,64519000,11,7097090,71616090,2023-09-29,Warehouse A - Jakarta,Net 60,Completed,Citra Procurement,Rudi Manager,2023-09-24,2023-09-29,1000,Delivery 2 days late
PO-2024-198,2023-09-23,PR-2024-565,SUP-010,PT Pharma Excipient Supply,EXC-001,Starch (Pregelatinized),5000,KG,17519,87595000,11,9635450,97230450,2023-09-30,Warehouse A - Jakarta,Net 60,Completed,Ani Procurement,Rudi Manager,2023-09-24,2023-09-30,5000,Slight delay but acceptable quality
PO-2024-199,2023-09-23,PR-2024-566,SUP-005,PT Phapros,RAW-007,Omeprazole,5000,KG,2061452,10307260000,11,1133798600,11441058600,2023-10-14,Warehouse A - Jakarta,Net 30,Completed,Citra Procurement,Sari Director,2023-09-24,2023-10-14,5000,On-time delivery with COA
PO-2024-200,2023-09-24,PR-2024-567,SUP-003,PT Dexa Medica,RAW-010,Dexamethasone,10000,KG,365229,3652290000,11,401751900,4054041900,2023-09-29,Warehouse A - Jakarta,Net 45,Completed,Ani Procurement,Sari Director,2023-09-25,2023-09-29,10000,Slight delay but acceptable quality
PO-2024-201,2023-09-24,PR-2024-571,SUP-002,PT Indofarma Global Medika,RAW-008,Ciprofloxacin,2000,KG,434609,869218000,11,95613980,964831980,2023-10-02,Warehouse A - Jakarta,Net 60,Completed,Ani Procurement,Sari Director,2023-09-25,2023-10-02,2000,Quality check required retest
PO-2024-202,2023-09-24,PR-2024-572,SUP-006,PT Indo Packaging Solutions,PKG-006,Aluminum Screw Cap 28mm,20000,Unit,879,17580000,11,1933800,19513800,2023-09-30,Warehouse B - Bandung,Net 30,Completed,Budi Procurement,Rudi Manager,2023-09-25,2023-09-30,20000,Delivered on schedule
PO-2024-203,2023-09-24,PR-2024-575,SUP-004,PT Kalbe Farma,RAW-007,Omeprazole,3000,KG,1975557,5926671000,11,651933810,6578604810,2023-10-13,Warehouse A - Jakarta,Net 30,Completed,Ani Procurement,Sari Director,2023-09-25,2023-10-13,3000,Quality check passed
PO-2024-204,2023-09-25,PR-2024-579,SUP-003,PT Dexa Medica,RAW-007,Omeprazole,8000,KG,2007430,16059440000,11,1766538400,17825978400,2023-10-01,Warehouse B - Bandung,Net 45,Completed,Budi Procurement,Sari Director,2023-09-26,2023-10-01,8000,Quality check required retest
PO-2024-205,2023-09-25,PR-2024-583,SUP-002,PT Indofarma Global Medika,RAW-009,Salbutamol Sulfate,5000,KG,960726,4803630000,11,528399300,5332029300,2023-10-04,Warehouse B - Bandung,Net 60,Completed,Citra Procurement,Sari Director,2023-09-26,2023-10-04,5000,Delivery 2 days late
PO-2024-206,2023-09-25,PR-2024-585,SUP-001,PT Kimia Farma Trading & Distribution,RAW-009,Salbutamol Sulfate,8000,KG,916410,7331280000,11,806440800,8137720800,2023-10-08,Warehouse A - Jakarta,Net 60,Completed,Budi Procurement,Sari Director,2023-09-26,2023-10-08,8000,Delivery 2 days late
PO-2024-207,2023-09-26,PR-2024-587,SUP-001,PT Kimia Farma Trading & Distribution,RAW-004,Ibuprofen,2000,KG,195950,391900000,11,43109000,435009000,2023-10-07,Warehouse A - Jakarta,Net 60,Completed,Ani Procurement,Rudi Manager,2023-09-27,2023-10-07,2000,Slight delay but acceptable quality
PO-2024-208,2023-09-26,PR-2024-590,SUP-009,PT Prima Pack Indonesia,PKG-004,Glass Vial 10ml,30000,Unit,5172,155160000,11,17067600,172227600,2023-10-01,Warehouse B - Bandung,Net 45,Completed,Ani Procurement,Rudi Manager,2023-09-27,2023-10-01,30000,Quality check required retest
PO-2024-209,2023-09-27,PR-2024-593,SUP-005,PT Phapros,RAW-006,Metformin HCl,3000,KG,75985,227955000,11,25075050,253030050,2023-10-19,Warehouse A - Jakarta,Net 30,Completed,Budi Procurement,Rudi Manager,2023-09-28,2023-10-19,3000,On-time delivery with COA
PO-2024-210,2023-09-27,PR-2024-595,SUP-004,PT Kalbe Farma,RAW-008,Ciprofloxacin,10000,KG,454278,4542780000,11,499705800,5042485800,2023-10-17,Warehouse A - Jakarta,Net 30,Completed,Citra Procurement,Sari Director,2023-09-28,2023-10-17,10000,Quality check passed
PO-2024-211,2023-09-27,PR-2024-598,SUP-002,PT Indofarma Global Medika,RAW-003,Ascorbic Acid (Vitamin C),8000,KG,44042,352336000,11,38756960,391092960,2023-10-02,Warehouse B - Bandung,Net 60,Completed,Ani Procurement,Rudi Manager,2023-09-28,2023-10-02,8000,Delivery 2 days late
PO-2024-212,2023-09-27,PR-2024-601,SUP-012,PT Brataco,EXC-001,Povidone K30,1000,KG,64951,64951000,11,7144610,72095610,2023-10-06,Warehouse A - Jakarta,Net 45,Completed,Citra Procurement,Rudi Manager,2023-09-28,2023-10-06,1000,Delivery 2 days late
PO-2024-213,2023-09-27,PR-2024-604,SUP-002,PT Indofarma Global Medika,RAW-001,Amoxicillin Trihydrate,10000,KG,146644,1466440000,11,161308400,1627748400,2023-10-02,Warehouse B - Bandung,Net 60,Completed,Budi Procurement,Sari Director,2023-09-28,2023-10-02,10000,Quality check required retest
PO-2024-214,2023-09-28,PR-2024-606,SUP-001,PT Kimia Farma Trading & Distribution,RAW-003,Ascorbic Acid (Vitamin C),10000,KG,45254,452540000,11,49779400,502319400,2023-10-09,Warehouse A - Jakarta,Net 60,Completed,Ani Procurement,Sari Director,2023-09-29,2023-10-09,10000,Delivery 2 days late
PO-2024-215,2023-09-28,PR-2024-609,SUP-005,PT Phapros,RAW-006,Metformin HCl,2000,KG,73673,147346000,11,16208060,163554060,2023-10-22,Warehouse A - Jakarta,Net 30,Completed,Ani Procurement,Rudi Manager,2023-09-29,2023-10-22,2000,Perfect delivery with documentation
PO-2024-216,2023-09-29,PR-2024-610,SUP-010,PT Pharma Excipient Supply,EXC-001,Talcum Powder,1000,KG,15502,15502000,11,1705220,17207220,2023-10-05,Warehouse A - Jakarta,Net 60,Completed,Ani Procurement,Rudi Manager,2023-09-30,2023-10-05,1000,Quality check required retest
PO-2024-217,2023-09-29,PR-2024-614,SUP-004,PT Kalbe Farma,RAW-003,Ascorbic Acid (Vitamin C),10000,KG,46000,460000000,11,50600000,510600000,2023-10-22,Warehouse B - Bandung,Net 30,Completed,Ani Procurement,Sari Director,2023-09-30,2023-10-22,10000,COA received
PO-2024-218,2023-09-29,PR-2024-616,SUP-006,PT Indo Packaging Solutions,PKG-005,Corrugated Carton Box (Master),15000,Unit,3493,52395000,11,5763450,58158450,2023-10-05,Warehouse B - Bandung,Net 30,Completed,Citra Procurement,Rudi Manager,2023-09-30,2023-10-05,15000,Delivered on schedule
PO-2024-219,2023-09-29,PR-2024-618,SUP-009,PT Prima Pack Indonesia,PKG-001,PVC/PVDC Blister Pack 10x10,20000,Unit,520,10400000,11,1144000,11544000,2023-10-06,Warehouse B - Bandung,Net 45,Completed,Budi Procurement,Rudi Manager,2023-09-30,2023-10-06,20000,Delivery 2 days late
PO-2024-220,2023-09-29,PR-2024-622,SUP-002,PT Indofarma Global Medika,RAW-006,Metformin HCl,3000,KG,71785,215355000,11,23689050,239044050,2023-10-08,Warehouse B - Bandung,Net 60,Completed,Budi Procurement,Rudi Manager,2023-09-30,2023-10-08,3000,Quality check required retest
PO-2024-221,2023-09-30,PR-2024-624,SUP-007,PT Multi Packaging Indonesia,PKG-006,Aluminum Screw Cap 28mm,20000,Unit,867,17340000,11,1907400,19247400,2023-10-20,Warehouse A - Jakarta,Net 45,Completed,Ani Procurement,Rudi Manager,2023-10-01,2023-10-20,20000,Delivered on schedule
PO-2024-222,2023-09-30,PR-2024-625,SUP-008,PT Global Pack Industries,PKG-008,Leaflet (Patient Information),15000,Unit,113,1695000,11,186450,1881450,2023-10-09,Warehouse A - Jakarta,Net 45,Completed,Citra Procurement,Rudi Manager,2023-10-01,2023-10-09,15000,Quality check required retest
PO-2024-223,2023-10-01,PR-2024-627,SUP-005,PT Phapros,RAW-002,Paracetamol,8000,KG,87637,701096000,11,77120560,778216560,2023-10-22,Warehouse B - Bandung,Net 30,Completed,Citra Procurement,Sari Director,2023-10-02,2023-10-22,8000,On-time delivery with COA
PO-2024-224,2023-10-01,PR-2024-629,SUP-001,PT Kimia Farma Trading & Distribution,RAW-009,Salbutamol Sulfate,2000,KG,951090,1902180000,11,209239800,2111419800,2023-10-11,Warehouse B - Bandung,Net 60,Completed,Ani Procurement,Sari Director,2023-10-02,2023-10-11,2000,Delivery 2 days late
PO-2024-225,2023-10-01,PR-2024-633,SUP-012,PT Brataco,EXC-001,Magnesium Stearate,2000,KG,34967,69934000,11,7692740,77626740,2023-10-11,Warehouse A - Jakarta,Net 45,Completed,Citra Procurement,Rudi Manager,2023-10-02,2023-10-11,2000,Delivery 2 days late
PO-2024-226,2023-10-02,PR-2024-636,SUP-009,PT Prima Pack Indonesia,PKG-006,Aluminum Screw Cap 28mm,10000,Unit,907,9070000,11,997700,10067700,2023-10-08,Warehouse B - Bandung,Net 45,Completed,Ani Procurement,Rudi Manager,2023-10-03,2023-10-08,10000,Quality check required retest
PO-2024-227,2023-10-02,PR-2024-640,SUP-009,PT Prima Pack Indonesia,PKG-003,HDPE Bottle 100ml,15000,Unit,2913,43695000,11,4806450,48501450,2023-10-09,Warehouse B - Bandung,Net 45,Completed,Citra Procurement,Rudi Manager,2023-10-03,2023-10-09,14296,Slight delay but acceptable quality
PO-2024-228,2023-10-02,PR-2024-643,SUP-012,PT Brataco,EXC-001,Povidone K30,5000,KG,63612,318060000,11,34986600,353046600,2023-10-10,Warehouse B - Bandung,Net 45,Completed,Budi Procurement,Rudi Manager,2023-10-03,2023-10-10,5000,Quality check required retest
PO-2024-229,2023-10-03,PR-2024-647,SUP-012,PT Brataco,EXC-001,Microcrystalline Cellulose (Avicel PH102),2000,KG,24261,48522000,11,5337420,53859420,2023-10-09,Warehouse B - Bandung,Net 45,Completed,Ani Procurement,Rudi Manager,2023-10-04,2023-10-09,2000,Delivery 2 days late
PO-2024-230,2023-10-03,PR-2024-649,SUP-004,PT Kalbe Farma,RAW-008,Ciprofloxacin,5000,KG,448189,2240945000,11,246503950,2487448950,2023-10-26,Warehouse A - Jakarta,Net 30,Completed,Ani Procurement,Sari Director,2023-10-04,2023-10-26,5000,Quality check passed
PO-2024-231,2023-10-03,PR-2024-651,SUP-009,PT Prima Pack Indonesia,PKG-006,Aluminum Screw Cap 28mm,30000,Unit,888,26640000,11,2930400,29570400,2023-10-10,Warehouse B - Bandung,Net 45,Completed,Citra Procurement,Rudi Manager,2023-10-04,2023-10-10,30000,Delivery 2 days late
PO-2024-232,2023-10-04,PR-2024-653,SUP-001,PT Kimia Farma Trading & Distribution,RAW-009,Salbutamol Sulfate,8000,KG,878341,7026728000,11,772940080,7799668080,2023-10-16,Warehouse A - Jakarta,Net 60,Completed,Budi Procurement,Sari Director,2023-10-05,2023-10-16,8000,Slight delay but acceptable quality
PO-2024-233,2023-10-04,PR-2024-655,SUP-010,PT Pharma Excipient Supply,EXC-001,Microcrystalline Cellulose (Avicel PH102),5000,KG,24926,124630000,11,13709300,138339300,2023-10-14,Warehouse B - Bandung,Net 60,Completed,Citra Procurement,Rudi Manager,2023-10-05,2023-10-14,5000,Delivery 2 days late
PO-2024-234,2023-10-05,PR-2024-658,SUP-008,PT Global Pack Industries,PKG-002,Aluminum Foil Strip (Cold Form),15000,Roll,130066,1950990000,11,214608900,2165598900,2023-10-14,Warehouse B - Bandung,Net 45,Completed,Citra Procurement,Sari Director,2023-10-06,2023-10-14,15000,Slight delay but acceptable quality
PO-2024-235,2023-10-05,PR-2024-662,SUP-011,PT Chemical Works Indonesia,EXC-001,Croscarmellose Sodium,1000,KG,129905,129905000,11,14289550,144194550,2023-10-14,Warehouse A - Jakarta,Net 45,Completed,Citra Procurement,Rudi Manager,2023-10-06,2023-10-14,1000,Quality check required retest
PO-2024-236,2023-10-06,PR-2024-663,SUP-010,PT Pharma Excipient Supply,EXC-001,Lactose Monohydrate,3000,KG,21879,65637000,11,7220070,72857070,2023-10-13,Warehouse B - Bandung,Net 60,Completed,Ani Procurement,Rudi Manager,2023-10-07,2023-10-13,3000,Quality check required retest
PO-2024-237,2023-10-06,PR-2024-665,SUP-003,PT Dexa Medica,RAW-010,Dexamethasone,8000,KG,354276,2834208000,11,311762880,3145970880,2023-10-14,Warehouse B - Bandung,Net 45,Completed,Citra Procurement,Sari Director,2023-10-07,2023-10-14,7673,Delivery 2 days late
PO-2024-238,2023-10-07,PR-2024-669,SUP-002,PT Indofarma Global Medika,RAW-005,Cetirizine HCl,3000,KG,3087491,9262473000,11,1018872030,10281345030,2023-10-15,Warehouse A - Jakarta,Net 60,Completed,Citra Procurement,Sari Director,2023-10-08,2023-10-15,3000,Delivery 2 days late
PO-2024-239,2023-10-08,PR-2024-671,SUP-004,PT Kalbe Farma,RAW-007,Omeprazole,5000,KG,1915572,9577860000,11,1053564600,10631424600,2023-10-30,Warehouse B - Bandung,Net 30,Completed,Citra Procurement,Sari Director,2023-10-09,2023-10-30,5000,COA received
PO-2024-240,2023-10-08,PR-2024-673,SUP-004,PT Kalbe Farma,RAW-005,Cetirizine HCl,10000,KG,3091943,30919430000,11,3401137300,34320567300,2023-10-28,Warehouse A - Jakarta,Net 30,Completed,Ani Procurement,Sari Director,2023-10-09,2023-10-28,10000,Delivered on schedule
PO-2024-241,2023-10-09,PR-2024-677,SUP-009,PT Prima Pack Indonesia,PKG-003,HDPE Bottle 100ml,30000,Unit,3149,94470000,11,10391700,104861700,2023-10-16,Warehouse A - Jakarta,Net 45,Completed,Ani Procurement,Rudi Manager,2023-10-10,2023-10-16,30000,Quality check required retest
PO-2024-242,2023-10-09,PR-2024-680,SUP-011,PT Chemical Works Indonesia,EXC-001,Croscarmellose Sodium,1000,KG,135345,135345000,11,14887950,150232950,2023-10-15,Warehouse B - Bandung,Net 45,Completed,Budi Procurement,Rudi Manager,2023-10-10,2023-10-15,1000,Delivery 2 days late
PO-2024-243,2023-10-09,PR-2024-681,SUP-011,PT Chemical Works Indonesia,EXC-001,Microcrystalline Cellulose (Avicel PH102),3000,KG,24330,72990000,11,8028900,81018900,2023-10-19,Warehouse B - Bandung,Net 45,Completed,Ani Procurement,Rudi Manager,2023-10-10,2023-10-19,3000,Quality check required retest
PO-2024-244,2023-10-10,PR-2024-685,SUP-002,PT Indofarma Global Medika,RAW-001,Amoxicillin Trihydrate,3000,KG,152128,456384000,11,50202240,506586240,2023-10-15,Warehouse B - Bandung,Net 60,Completed,Budi Procurement,Sari Director,2023-10-11,2023-10-15,3000,Quality check required retest
PO-2024-245,2023-10-11,PR-2024-687,SUP-007,PT Multi Packaging Indonesia,PKG-008,Leaflet (Patient Information),10000,Unit,112,1120000,11,123200,1243200,2023-10-28,Warehouse A - Jakarta,Net 45,Completed,Citra Procurement,Rudi Manager,2023-10-12,2023-10-28,10000,COA received
PO-2024-246,2023-10-11,PR-2024-690,SUP-002,PT Indofarma Global Medika,RAW-001,Amoxicillin Trihydrate,10000,KG,155224,1552240000,11,170746400,1722986400,2023-10-16,Warehouse A - Jakarta,Net 60,Completed,Ani Procurement,Sari Director,2023-10-12,2023-10-16,10000,Delivery 2 days late
PO-2024-247,2023-10-11,PR-2024-691,SUP-011,PT Chemical Works Indonesia,EXC-001,Croscarmellose Sodium,3000,KG,140439,421317000,11,46344870,467661870,2023-10-21,Warehouse A - Jakarta,Net 45,Completed,Citra Procurement,Rudi Manager,2023-10-12,2023-10-21,3000,Delivery 2 days late
PO-2024-248,2023-10-12,PR-2024-695,SUP-004,PT Kalbe Farma,RAW-001,Amoxicillin Trihydrate,3000,KG,143107,429321000,11,47225310,476546310,2023-11-04,Warehouse A - Jakarta,Net 30,Completed,Budi Procurement,Rudi Manager,2023-10-13,2023-11-04,3000,Quality check passed
PO-2024-249,2023-10-13,PR-2024-699,SUP-005,PT Phapros,RAW-010,Dexamethasone,8000,KG,352061,2816488000,11,309813680,3126301680,2023-11-02,Warehouse B - Bandung,Net 30,Completed,Budi Procurement,Sari Director,2023-10-14,2023-11-02,8000,Early delivery - good quality
PO-2024-250,2023-10-14,PR-2024-702,SUP-002,PT Indofarma Global Medika,RAW-008,Ciprofloxacin,10000,KG,466948,4669480000,11,513642800,5183122800,2023-10-20,Warehouse A - Jakarta,Net 60,Completed,Ani Procurement,Sari Director,2023-10-15,2023-10-20,10000,Slight delay but acceptable quality
